resolved_name,cardiotox_label,DICT_Concern,parent_smiles,sig_id,scaffold,split
ROSUVASTATIN,0,no,CC(C)c1nc(N(C)S(C)(=O)=O)nc(-c2ccc(F)cc2)c1/C=C/[C@@H](O)C[C@@H](O)CC(=O)O,REP.A021_HA1E_24H:H13,c1ccc(-c2ccncn2)cc1,train
FAMOTIDINE,1,less,NC(N)=Nc1nc(CSCC/C(N)=N/S(N)(=O)=O)cs1,REP.A012_HA1E_24H:D19,c1cscn1,train
ARIPIPRAZOLE,1,less,O=C1CCc2ccc(OCCCCN3CCN(c4cccc(Cl)c4Cl)CC3)cc2N1,REP.A022_HA1E_24H:F19,O=C1CCc2ccc(OCCCCN3CCN(c4ccccc4)CC3)cc2N1,test
IRINOTECAN HYDROCHLORIDE,1,less,CCc1c2c(nc3ccc(OC(=O)N4CCC(N5CCCCC5)CC4)cc13)-c1cc3c(c(=O)n1C2)COC(=O)[C@]3(O)CC,REP.A005_HA1E_24H:C13,O=C1Cc2cc3n(c(=O)c2CO1)Cc1cc2cc(OC(=O)N4CCC(N5CCCCC5)CC4)ccc2nc1-3,train
DICLOFENAC POTASSIUM,1,most,O=C([O-])Cc1ccccc1Nc1c(Cl)cccc1Cl,REP.A005_HA1E_24H:C07,c1ccc(Nc2ccccc2)cc1,train
OXAPROZIN,1,most,O=C(O)CCc1nc(-c2ccccc2)c(-c2ccccc2)o1,REP.A001_HA1E_24H:B19,c1ccc(-c2ncoc2-c2ccccc2)cc1,test
PIOGLITAZONE,1,most,CCc1ccc(CCOc2ccc(CC3SC(=O)NC3=O)cc2)nc1,REP.A017_HA1E_24H:D13,O=C1NC(=O)C(Cc2ccc(OCCc3ccccn3)cc2)S1,train
IBUPROFEN,1,most,CC(C)Cc1ccc(C(C)C(=O)O)cc1,REP.A002_HA1E_24H:L13,c1ccccc1,train
VANDETANIB,1,most,COc1cc2/c(=N/c3ccc(Br)cc3F)nc[nH]c2cc1OCC1CCN(C)CC1,LJP007_HA1E_24H:P13,c1ccc(N=c2nc[nH]c3cc(OCC4CCNCC4)ccc23)cc1,train
BUSPIRONE HYDROCHLORIDE,1,less,O=C1CC2(CCCC2)CC(=O)N1CCCCN1CCN(c2ncccn2)CC1,REP.A027_HA1E_24H:L01,O=C1CC2(CCCC2)CC(=O)N1CCCCN1CCN(c2ncccn2)CC1,train
VALSARTAN,1,less,CCCCC(=O)N(Cc1ccc(-c2ccccc2-c2nnn[nH]2)cc1)[C@H](C(=O)O)C(C)C,REP.A019_HA1E_24H:C01,c1ccc(-c2ccccc2-c2nnn[nH]2)cc1,train
Sertindole,1,most,O=C1NCCN1CCN1CCC(c2cn(-c3ccc(F)cc3)c3ccc(Cl)cc23)CC1,REP.A023_HA1E_24H:E19,O=C1NCCN1CCN1CCC(c2cn(-c3ccccc3)c3ccccc23)CC1,train
empagliflozin,0,no,OC[C@H]1O[C@@H](c2ccc(Cl)c(Cc3ccc(O[C@H]4CCOC4)cc3)c2)[C@H](O)[C@@H](O)[C@@H]1O,REP.A007_HA1E_24H:L07,c1cc(Cc2ccc(OC3CCOC3)cc2)cc(C2CCCCO2)c1,val
CEFEPIME HYDROCHLORIDE,0,no,CO/N=C(\C(=O)N[C@@H]1C(=O)N2C(C(=O)O)=C(C[N+]3(C)CCCC3)CS[C@H]12)c1csc(N)n1,REP.A010_HA1E_24H:A13,N=C(C(=O)NC1C(=O)N2C=C(C[NH+]3CCCC3)CSC12)c1cscn1,test
ZILEUTON,0,no,CC(c1cc2ccccc2s1)N(O)C(N)=O,REP.A007_HA1E_24H:O13,c1ccc2sccc2c1,train
DOXEPIN HYDROCHLORIDE,1,less,CN(C)CCC=C1c2ccccc2COc2ccccc21,REP.A014_HA1E_24H:N01,C=C1c2ccccc2COc2ccccc21,train
PERINDOPRIL ERBUMINE,1,less,CCC[C@H](N[C@@H](C)C(=O)N1[C@H](C(=O)O)C[C@@H]2CCCC[C@@H]21)C(=O)OCC,REP.A008_HA1E_24H:J19,C1CCC2NCCC2C1,test
NILOTINIB,1,most,Cc1cn(-c2cc(NC(=O)c3ccc(C)c(Nc4nccc(-c5cccnc5)n4)c3)cc(C(F)(F)F)c2)cn1,LJP005_HA1E_24H:N13,O=C(Nc1cccc(-n2ccnc2)c1)c1cccc(Nc2nccc(-c3cccnc3)n2)c1,train
COBICISTAT,0,no,CC(C)c1nc(CN(C)C(=O)N[C@@H](CCN2CCOCC2)C(=O)N[C@H](CC[C@H](Cc2ccccc2)NC(=O)OCc2cncs2)Cc2ccccc2)cs1,REP.A007_HA1E_24H:O19,O=C(NCc1cscn1)NC(CCN1CCOCC1)C(=O)NC(CCC(Cc1ccccc1)NC(=O)OCc1cncs1)Cc1ccccc1,train
AMILORIDE HYDROCHLORIDE ANHYDROUS,1,less,N=C(N)NC(=O)c1nc(Cl)c(N)nc1N,REP.A027_HA1E_24H:I07,c1cnccn1,val
FLAVOXATE HYDROCHLORIDE,1,less,Cc1c(-c2ccccc2)oc2c(C(=O)OCCN3CCCCC3)cccc2c1=O,REP.A019_HA1E_24H:H13,O=C(OCCN1CCCCC1)c1cccc2c(=O)cc(-c3ccccc3)oc12,train
PENTAMIDINE ISETHIONATE,1,less,N=C(N)c1ccc(OCCCCCOc2ccc(C(=N)N)cc2)cc1,REP.A010_HA1E_24H:G07,c1ccc(OCCCCCOc2ccccc2)cc1,train
LINAGLIPTIN,1,most,CC#CCn1c(N2CCC[C@@H](N)C2)nc2c1c(=O)n(Cc1nc(C)c3ccccc3n1)c(=O)n2C,REP.A003_HA1E_24H:K01,O=c1[nH]c2nc(N3CCCCC3)[nH]c2c(=O)n1Cc1ncc2ccccc2n1,train
CLOZAPINE,1,most,CN1CCN(C2=Nc3cc(Cl)ccc3Nc3ccccc32)CC1,REP.A013_HA1E_24H:A07,c1ccc2c(c1)N=C(N1CCNCC1)c1ccccc1N2,train
EPLERENONE,1,less,COC(=O)[C@@H]1CC2=CC(=O)CC[C@]2(C)[C@@]23O[C@@H]2C[C@@]2(C)[C@@H](CC[C@@]24CCC(=O)O4)[C@H]13,REP.A006_HA1E_24H:F01,O=C1C=C2CCC3C4CCC5(CCC(=O)O5)C4CC4OC43C2CC1,train
RUXOLITINIB,1,most,N#CC[C@H](C1CCCC1)n1cc(-c2ncnc3[nH]ccc23)cn1,LJP005_HA1E_24H:O13,c1nc(-c2cnn(CC3CCCC3)c2)c2cc[nH]c2n1,train
PENICILLIN G SODIUM,1,less,CC1(C)S[C@@H]2[C@H](NC(=O)Cc3ccccc3)C(=O)N2[C@H]1C(=O)[O-],REP.A016_HA1E_24H:L19,O=C(Cc1ccccc1)NC1C(=O)N2CCSC12,train
PROTRIPTYLINE HYDROCHLORIDE,1,less,CNCCCC1c2ccccc2C=Cc2ccccc21,REP.A013_HA1E_24H:L01,C1=Cc2ccccc2Cc2ccccc21,train
DECITABINE,1,less,Nc1ncn([C@H]2C[C@H](O)[C@@H](CO)O2)c(=O)n1,LJP008_HA1E_24H:M13,O=c1ncncn1C1CCCO1,train
ALVIMOPAN,1,most,C[C@H]1CN(C[C@H](Cc2ccccc2)C(=O)NCC(=O)O)CC[C@@]1(C)c1cccc(O)c1,REP.A027_HA1E_24H:P19,c1ccc(CCCN2CCC(c3ccccc3)CC2)cc1,train
DESVENLAFAXINE SUCCINATE,1,less,CN(C)CC(c1ccc(O)cc1)C1(O)CCCCC1,REP.A026_HA1E_24H:N01,c1ccc(CC2CCCCC2)cc1,train
Granisetron Hydrochloride,1,most,CN1C2CCCC1CC(NC(=O)c1nn(C)c3ccccc13)C2,REP.A005_HA1E_24H:M07,O=C(NC1CC2CCCC(C1)N2)c1n[nH]c2ccccc12,train
ATRACURIUM BESYLATE,1,less,COc1ccc(CC2c3cc(OC)c(OC)cc3CC[N+]2(C)CCC(=O)OCCCCCOC(=O)CC[N+]2(C)CCc3cc(OC)c(OC)cc3C2Cc2ccc(OC)c(OC)c2)cc1OC,REP.A002_HA1E_24H:J19,O=C(CC[NH+]1CCc2ccccc2C1Cc1ccccc1)OCCCCCOC(=O)CC[NH+]1CCc2ccccc2C1Cc1ccccc1,test
GLASDEGIB,1,most,CN1CC[C@@H](NC(=O)Nc2ccc(C#N)cc2)C[C@@H]1c1nc2ccccc2[nH]1,REP.A003_HA1E_24H:L01,O=C(Nc1ccccc1)NC1CCNC(c2nc3ccccc3[nH]2)C1,val
ACEBUTOLOL HYDROCHLORIDE,1,less,CCCC(=O)Nc1ccc(OCC(O)CNC(C)C)c(C(C)=O)c1,REP.A001_HA1E_24H:L07,c1ccccc1,train
FOLIC ACID,0,no,Nc1nc(=O)c2nc(CNc3ccc(C(=O)N[C@@H](CCC(=O)O)C(=O)O)cc3)cnc2[nH]1,REP.A002_HA1E_24H:O19,O=c1nc[nH]c2ncc(CNc3ccccc3)nc12,train
NIMODIPINE,1,less,COCCOC(=O)C1=C(C)NC(C)=C(C(=O)OC(C)C)C1c1cccc([N+](=O)[O-])c1,REP.A015_HA1E_24H:G19,C1=CC(c2ccccc2)C=CN1,train
KETOROLAC TROMETHAMINE,1,most,O=C(c1ccccc1)c1ccc2n1CCC2C(=O)O,REP.A013_HA1E_24H:H07,O=C(c1ccccc1)c1ccc2n1CCC2,train
ACETAZOLAMIDE SODIUM,0,no,CC(=O)Nc1nnc(S([NH-])(=O)=O)s1,REP.A013_HA1E_24H:M19,c1nncs1,train
CYCLOBENZAPRINE HYDROCHLORIDE,1,less,CN(C)CCC=C1c2ccccc2C=Cc2ccccc21,REP.A013_HA1E_24H:L07,C=C1c2ccccc2C=Cc2ccccc21,val
METHAZOLAMIDE,0,no,CC(=O)/N=c1/sc(S(N)(=O)=O)nn1C,REP.A010_HA1E_24H:G19,N=c1[nH]ncs1,train
BENDAMUSTINE HYDROCHLORIDE,1,less,Cn1c(CCCC(=O)O)nc2cc(N(CCCl)CCCl)ccc21,REP.A002_HA1E_24H:J01,c1ccc2[nH]cnc2c1,train
RIFAXIMIN,0,no,CO[C@H]1/C=C/O[C@@]2(C)Oc3c(C)c(O)c4c(O)c(c5c(nc6cc(C)ccn65)c4c3C2=O)NC(=O)/C(C)=C\C=C\[C@H](C)[C@H](O)[C@@H](C)[C@@H](O)[C@@H](C)[C@H](OC(C)=O)[C@@H]1C,REP.A017_HA1E_24H:E19,O=C1C=CC=CCCCCCCCCC=COC2Oc3ccc4cc(c5c(nc6ccccn65)c4c3C2=O)N1,train
CEVIMELINE HYDROCHLORIDE,1,less,CC1OC2(CS1)CN1CCC2CC1,REP.A008_HA1E_24H:L13,C1OC2(CS1)CN1CCC2CC1,test
TIAGABINE HYDROCHLORIDE,1,less,Cc1ccsc1C(=CCCN1CCC[C@@H](C(=O)O)C1)c1sccc1C,REP.A015_HA1E_24H:N13,C(CCN1CCCCC1)=C(c1cccs1)c1cccs1,val
IMIPRAMINE HYDROCHLORIDE,1,less,CN(C)CCCN1c2ccccc2CCc2ccccc21,REP.A013_HA1E_24H:E01,c1ccc2c(c1)CCc1ccccc1N2,train
DALFAMPRIDINE,0,no,Nc1ccncc1,REP.A006_HA1E_24H:L13,c1ccncc1,train
ETOPOSIDE,0,no,COc1cc([C@@H]2c3cc4c(cc3[C@@H](O[C@@H]3O[C@@H]5CO[C@@H](C)O[C@H]5[C@H](O)[C@H]3O)[C@H]3COC(=O)[C@H]23)OCO4)cc(OC)c1O,LPROT002_A375_6H:D01,O=C1OCC2C(OC3CCC4OCOCC4O3)c3cc4c(cc3C(c3ccccc3)C12)OCO4,train
EPIRUBICIN HYDROCHLORIDE,1,most,COc1cccc2c1C(=O)c1c(O)c3c(c(O)c1C2=O)C[C@@](O)(C(=O)CO)C[C@@H]3O[C@H]1C[C@H](N)[C@@H](O)[C@H](C)O1,REP.A015_HA1E_24H:E07,O=C1c2ccccc2C(=O)c2cc3c(cc21)CCCC3OC1CCCCO1,train
LETERMOVIR,1,less,COc1cccc(N2CCN(C3=Nc4c(F)cccc4[C@H](CC(=O)O)N3c3cc(C(F)(F)F)ccc3OC)CC2)c1,REP.A027_HA1E_24H:L07,c1ccc(N2CCN(C3=Nc4ccccc4CN3c3ccccc3)CC2)cc1,train
CISATRACURIUM BESYLATE,1,less,COc1ccc(C[C@@H]2c3cc(OC)c(OC)cc3CC[N@+]2(C)CCC(=O)OCCCCCOC(=O)CC[N@@+]2(C)CCc3cc(OC)c(OC)cc3[C@H]2Cc2ccc(OC)c(OC)c2)cc1OC,REP.A002_HA1E_24H:J19,O=C(CC[NH+]1CCc2ccccc2C1Cc1ccccc1)OCCCCCOC(=O)CC[NH+]1CCc2ccccc2C1Cc1ccccc1,train
PASIREOTIDE,1,most,NCCCC[C@@H]1NC(=O)[C@@H](Cc2c[nH]c3ccccc23)NC(=O)[C@H](c2ccccc2)NC(=O)[C@@H]2C[C@@H](OC(=O)NCCN)CN2C(=O)[C@H](Cc2ccccc2)NC(=O)[C@H](Cc2ccc(OCc3ccccc3)cc2)NC1=O,REP.A015_HA1E_24H:N01,O=C1CNC(=O)C(Cc2c[nH]c3ccccc23)NC(=O)C(c2ccccc2)NC(=O)C2CCCN2C(=O)C(Cc2ccccc2)NC(=O)C(Cc2ccc(OCc3ccccc3)cc2)N1,val
Buflomedil,1,most,COc1cc(OC)c(C(=O)CCCN2CCCC2)c(OC)c1,REP.A006_HA1E_24H:C13,O=C(CCCN1CCCC1)c1ccccc1,test
KETOPROFEN,1,most,CC(C(=O)O)c1cccc(C(=O)c2ccccc2)c1,REP.A027_HA1E_24H:O13,O=C(c1ccccc1)c1ccccc1,train
DUTASTERIDE,1,less,C[C@]12C=CC(=O)N[C@@H]1CC[C@@H]1[C@@H]2CC[C@]2(C)[C@@H](C(=O)Nc3cc(C(F)(F)F)ccc3C(F)(F)F)CC[C@@H]12,REP.A001_HA1E_24H:L01,O=C1C=CC2C(CCC3C2CCC2C(C(=O)Nc4ccccc4)CCC23)N1,test
azithromycin,1,less,CC[C@H]1OC(=O)[C@H](C)[C@@H](O[C@H]2C[C@@](C)(OC)[C@@H](O)[C@H](C)O2)[C@H](C)[C@@H](O[C@@H]2O[C@H](C)C[C@H](N(C)C)[C@H]2O)[C@](C)(O)C[C@@H](C)CN(C)[C@H](C)[C@@H](O)[C@]1(C)O,REP.A024_HA1E_24H:B19,O=C1CC(OC2CCCCO2)CC(OC2CCCCO2)CCCCNCCCCO1,val
Sparfloxacin,1,most,C[C@@H]1CN(c2c(F)c(N)c3c(=O)c(C(=O)O)cn(C4CC4)c3c2F)C[C@H](C)N1,REP.A004_HA1E_24H:P07,O=c1ccn(C2CC2)c2cc(N3CCNCC3)ccc12,train
ALLOPURINOL SODIUM,1,less,O=c1[n-]cnc2[nH]ncc12,REP.A021_HA1E_24H:O07,O=c1[n-]cnc2[nH]ncc12,train
CHLORAMBUCIL,0,no,O=C(O)CCCc1ccc(N(CCCl)CCCl)cc1,REP.A009_HA1E_24H:D19,c1ccccc1,train
PHENTERMINE,1,less,CC(C)(N)Cc1ccccc1,REP.A027_HA1E_24H:G07,c1ccccc1,test
VALPROIC ACID,1,less,CCCC(CCC)C(=O)O,REP.A013_HA1E_24H:I07,generic_linear,train
BUPROPION HYDROCHLORIDE,1,less,CC(NC(C)(C)C)C(=O)c1cccc(Cl)c1,REP.A011_HA1E_24H:F01,c1ccccc1,train
TEMAZEPAM,1,less,CN1C(=O)C(O)N=C(c2ccccc2)c2cc(Cl)ccc21,REP.A028_HA1E_24H:D19,O=C1CN=C(c2ccccc2)c2ccccc2N1,train
ATORVASTATIN CALCIUM PROPYLENE GLYCOL SOLVATE,0,no,CC(C)c1c(C(=O)Nc2ccccc2)c(-c2ccccc2)c(-c2ccc(F)cc2)n1CC[C@@H](O)C[C@@H](O)CC(=O)[O-],REP.A023_HA1E_24H:H01,O=C(Nc1ccccc1)c1c[nH]c(-c2ccccc2)c1-c1ccccc1,train
goserelin acetate,1,most,CC(C)C[C@H](NC(=O)[C@@H](COC(C)(C)C)NC(=O)[C@H](Cc1ccc(O)cc1)NC(=O)[C@H](CO)NC(=O)[C@H](Cc1c[nH]c2ccccc12)NC(=O)[C@H](Cc1cnc[nH]1)NC(=O)[C@@H]1CCC(=O)N1)C(=O)N[C@@H](CCCNC(=N)N)C(=O)N1CCC[C@H]1C(=O)NNC(N)=O,REP.A027_HA1E_24H:L19,O=C(CNC(=O)CNC(=O)C(Cc1ccccc1)NC(=O)CNC(=O)C(Cc1c[nH]c2ccccc12)NC(=O)C(Cc1cnc[nH]1)NC(=O)C1CCC(=O)N1)NCC(=O)N1CCCC1,test
BENAZEPRIL HYDROCHLORIDE,1,less,CCOC(=O)[C@H](CCc1ccccc1)N[C@H]1CCc2ccccc2N(CC(=O)O)C1=O,REP.A019_HA1E_24H:M13,O=C1Nc2ccccc2CCC1NCCCc1ccccc1,test
SOTALOL HYDROCHLORIDE,1,most,CC(C)NCC(O)c1ccc(NS(C)(=O)=O)cc1,REP.A003_HA1E_24H:H01,c1ccccc1,val
ERYTHROMYCIN LACTOBIONATE,1,most,CC[C@H]1OC(=O)[C@H](C)[C@@H](O[C@H]2C[C@@](C)(OC)[C@@H](O)[C@H](C)O2)[C@H](C)[C@@H](O[C@@H]2O[C@H](C)C[C@H](N(C)C)[C@H]2O)[C@](C)(O)C[C@@H](C)C(=O)[C@H](C)[C@@H](O)[C@]1(C)O,REP.A017_HA1E_24H:G07,O=C1CCCCOC(=O)CC(OC2CCCCO2)CC(OC2CCCCO2)CCC1,train
BINIMETINIB,1,most,Cn1cnc2c(F)c(Nc3ccc(Br)cc3F)c(C(=O)NOCCO)cc21,REP.A021_HA1E_24H:E13,c1ccc(Nc2ccc3[nH]cnc3c2)cc1,train
NELARABINE,0,no,COc1nc(N)nc2c1ncn2[C@@H]1O[C@H](CO)[C@@H](O)[C@@H]1O,REP.A020_HA1E_24H:D01,c1ncc2ncn(C3CCCO3)c2n1,train
DIGOXIN,1,most,C[C@H]1O[C@@H](O[C@H]2[C@@H](O)C[C@H](O[C@H]3[C@@H](O)C[C@H](O[C@H]4CC[C@@]5(C)[C@H](CC[C@@H]6[C@@H]5C[C@@H](O)[C@]5(C)[C@@H](C7=CC(=O)OC7)CC[C@]65O)C4)O[C@@H]3C)O[C@@H]2C)C[C@H](O)[C@@H]1O,REP.A027_HA1E_24H:E07,O=C1C=C(C2CCC3C2CCC2C4CCC(OC5CCC(OC6CCC(OC7CCCCO7)CO6)CO5)CC4CCC23)CO1,train
ALECTINIB HYDROCHLORIDE,1,less,CCc1cc2c(cc1N1CCC(N3CCOCC3)CC1)C(C)(C)c1[nH]c3cc(C#N)ccc3c1C2=O,LJP009_HA1E_24H:I19,O=C1c2ccc(N3CCC(N4CCOCC4)CC3)cc2Cc2[nH]c3ccccc3c21,train
LABETALOL,1,most,CC(CCc1ccccc1)NCC(O)c1ccc(O)c(C(N)=O)c1,REP.A011_HA1E_24H:N13,c1ccc(CCCNCCc2ccccc2)cc1,train
DIAZEPAM,1,less,CN1C(=O)CN=C(c2ccccc2)c2cc(Cl)ccc21,REP.A002_HA1E_24H:E13,O=C1CN=C(c2ccccc2)c2ccccc2N1,train
NEVIRAPINE HEMIHYDRATE,0,no,Cc1ccnc2c1NC(=O)c1cccnc1N2C1CC1,REP.A002_HA1E_24H:A07,O=C1Nc2cccnc2N(C2CC2)c2ncccc21,test
MELOXICAM,1,most,Cc1cnc(NC(=O)C2=C(O)c3ccccc3S(=O)(=O)N2C)s1,REP.A020_HA1E_24H:C01,O=C(Nc1nccs1)C1=Cc2ccccc2S(=O)(=O)N1,train
FLUDARABINE PHOSPHATE,1,less,Nc1nc(F)nc2c1ncn2[C@@H]1O[C@H](COP(=O)(O)O)[C@@H](O)[C@@H]1O,REP.A023_HA1E_24H:K19,c1ncc2ncn(C3CCCO3)c2n1,test
PENICILLIN G POTASSIUM,1,less,CC1(C)S[C@@H]2[C@H](NC(=O)Cc3ccccc3)C(=O)N2[C@H]1C(=O)[O-],REP.A016_HA1E_24H:L19,O=C(Cc1ccccc1)NC1C(=O)N2CCSC12,val
DOLASETRON MESYLATE,1,most,O=C(O[C@@H]1C[C@@H]2C[C@H]3C[C@H](C1)N2CC3=O)c1c[nH]c2ccccc12,REP.A008_HA1E_24H:E07,O=C(OC1CC2CC3CC(C1)N2CC3=O)c1c[nH]c2ccccc12,train
REPAGLINIDE,1,less,CCOc1cc(CC(=O)N[C@@H](CC(C)C)c2ccccc2N2CCCCC2)ccc1C(=O)O,REP.A021_HA1E_24H:H07,O=C(Cc1ccccc1)NCc1ccccc1N1CCCCC1,train
rivaroxaban,0,no,O=C(NC[C@H]1CN(c2ccc(N3CCOCC3=O)cc2)C(=O)O1)c1ccc(Cl)s1,REP.A020_HA1E_24H:P19,O=C(NCC1CN(c2ccc(N3CCOCC3=O)cc2)C(=O)O1)c1cccs1,train
COLCHICINE,0,no,COc1cc2c(c(OC)c1OC)-c1ccc(OC)c(=O)cc1[C@@H](NC(C)=O)CC2,REP.A012_HA1E_24H:A19,O=c1cccc2c(c1)CCCc1ccccc1-2,train
pimavanserin tartrate,1,most,CC(C)COc1ccc(CNC(=O)N(Cc2ccc(F)cc2)C2CCN(C)CC2)cc1,REP.A020_HA1E_24H:A19,O=C(NCc1ccccc1)N(Cc1ccccc1)C1CCNCC1,val
UREA C-13,0,no,NC(N)=O,REP.A008_HA1E_24H:M13,generic_linear,train
Etoricoxib,1,most,Cc1ccc(-c2ncc(Cl)cc2-c2ccc(S(C)(=O)=O)cc2)cn1,REP.A016_HA1E_24H:K01,c1ccc(-c2cccnc2-c2cccnc2)cc1,train
SITAGLIPTIN PHOSPHATE,1,most,N[C@@H](CC(=O)N1CCn2c(nnc2C(F)(F)F)C1)Cc1cc(F)c(F)cc1F,REP.A006_HA1E_24H:D01,O=C(CCCc1ccccc1)N1CCn2cnnc2C1,train
MECAMYLAMINE HYDROCHLORIDE,1,less,CNC1(C)C2CCC(C2)C1(C)C,REP.A004_HA1E_24H:E01,C1CC2CCC1C2,train
SUFENTANIL,1,less,CCC(=O)N(c1ccccc1)C1(COC)CCN(CCc2cccs2)CC1,REP.A006_HA1E_24H:I01,c1ccc(NC2CCN(CCc3cccs3)CC2)cc1,train
VALPROATE SODIUM,1,less,CCCC(CCC)C(=O)[O-],REP.A013_HA1E_24H:I07,generic_linear,train
FEXOFENADINE HYDROCHLORIDE,0,no,CC(C)(C(=O)O)c1ccc(C(O)CCCN2CCC(C(O)(c3ccccc3)c3ccccc3)CC2)cc1,REP.A022_HA1E_24H:L07,c1ccc(CCCCN2CCC(C(c3ccccc3)c3ccccc3)CC2)cc1,train
OLANZAPINE,1,less,Cc1cc2c(s1)Nc1ccccc1N=C2N1CCN(C)CC1,REP.A006_HA1E_24H:A07,c1ccc2c(c1)N=C(N1CCNCC1)c1ccsc1N2,train
FINGOLIMOD HYDROCHLORIDE,1,most,CCCCCCCCc1ccc(CCC(N)(CO)CO)cc1,REP.A008_HA1E_24H:N08,c1ccccc1,train
TRICLABENDAZOLE,1,most,CSc1nc2cc(Cl)c(Oc3cccc(Cl)c3Cl)cc2[nH]1,REP.A021_HA1E_24H:D19,c1ccc(Oc2ccc3nc[nH]c3c2)cc1,train
Amlodipine Benzoate,1,most,CCOC(=O)C1=C(COCCN)NC(C)=C(C(=O)OC)C1c1ccccc1Cl,REP.A004_HA1E_24H:H07,C1=CC(c2ccccc2)C=CN1,train
TRIMETHOPRIM HYDROCHLORIDE,0,no,COc1cc(Cc2cnc(N)nc2N)cc(OC)c1OC,REP.A011_HA1E_24H:M01,c1ccc(Cc2cncnc2)cc1,train
Dipyridamole,1,most,OCCN(CCO)c1nc(N2CCCCC2)c2nc(N(CCO)CCO)nc(N3CCCCC3)c2n1,REP.A016_HA1E_24H:P13,c1nc(N2CCCCC2)c2ncnc(N3CCCCC3)c2n1,train
DUVELISIB,0,no,C[C@H](Nc1ncnc2nc[nH]c12)c1cc2cccc(Cl)c2c(=O)n1-c1ccccc1,LPROT003_A375_6H:L20,O=c1c2ccccc2cc(CNc2ncnc3nc[nH]c23)n1-c1ccccc1,test
AZATHIOPRINE,0,no,Cn1cnc([N+](=O)[O-])c1Sc1ncnc2[nH]cnc12,REP.A003_HA1E_24H:F19,c1nc(Sc2cnc[nH]2)c2nc[nH]c2n1,val
LURASIDONE HYDROCHLORIDE,1,less,O=C1[C@@H]2[C@H]3CC[C@H](C3)[C@@H]2C(=O)N1C[C@@H]1CCCC[C@H]1CN1CCN(c2nsc3ccccc23)CC1,REP.A016_HA1E_24H:A13,O=C1C2C3CCC(C3)C2C(=O)N1CC1CCCCC1CN1CCN(c2nsc3ccccc23)CC1,train
Fomepizole,1,less,Cc1cn[nH]c1,REP.A015_HA1E_24H:F01,c1cn[nH]c1,train
THALIDOMIDE,1,most,O=C1CCC(N2C(=O)c3ccccc3C2=O)C(=O)N1,REP.A027_HA1E_24H:C07,O=C1CCC(N2C(=O)c3ccccc3C2=O)C(=O)N1,train
AZATHIOPRINE SODIUM,0,no,Cn1cnc([N+](=O)[O-])c1Sc1ncnc2nc[n-]c12,REP.A003_HA1E_24H:F19,c1nc(Sc2cnc[nH]2)c2[n-]cnc2n1,train
LENVATINIB,1,most,COc1cc2nccc(Oc3ccc(NC(=O)NC4CC4)c(Cl)c3)c2cc1C(N)=O,REP.A013_HA1E_24H:G01,O=C(Nc1ccc(Oc2ccnc3ccccc23)cc1)NC1CC1,train
LEVAMLODIPINE MALEATE,1,most,CCOC(=O)C1=C(COCCN)NC(C)=C(C(=O)OC)[C@@H]1c1ccccc1Cl,REP.A004_HA1E_24H:H07,C1=CC(c2ccccc2)C=CN1,test
AMIKACIN SULFATE,0,no,NCC[C@H](O)C(=O)N[C@@H]1C[C@H](N)[C@@H](O[C@H]2O[C@H](CN)[C@@H](O)[C@H](O)[C@H]2O)[C@H](O)[C@H]1O[C@H]1O[C@H](CO)[C@@H](O)[C@H](N)[C@H]1O,REP.A001_HA1E_24H:P01,C1CCC(OC2CCCC(OC3CCCCO3)C2)OC1,test
NORTRIPTYLINE HYDROCHLORIDE,1,most,CNCCC=C1c2ccccc2CCc2ccccc21,REP.A026_HA1E_24H:J07,C=C1c2ccccc2CCc2ccccc21,train
CEFDINIR,1,less,C=CC1=C(C(=O)O)N2C(=O)[C@@H](NC(=O)/C(=N\O)c3csc(N)n3)[C@H]2SC1,REP.A002_HA1E_24H:B13,N=C(C(=O)NC1C(=O)N2C=CCSC12)c1cscn1,train
tedizolid phosphate,1,less,Cn1nnc(-c2ccc(-c3ccc(N4C[C@H](COP(=O)(O)O)OC4=O)cc3F)cn2)n1,REP.A015_HA1E_24H:L19,O=C1OCCN1c1ccc(-c2ccc(-c3nn[nH]n3)nc2)cc1,train
PAROXETINE HYDROCHLORIDE HEMIHYDRATE,1,less,Fc1ccc([C@@H]2CCNC[C@H]2COc2ccc3c(c2)OCO3)cc1,REP.A013_HA1E_24H:D13,c1ccc(C2CCNCC2COc2ccc3c(c2)OCO3)cc1,train
AMBRISENTAN,1,less,COC(c1ccccc1)(c1ccccc1)[C@H](Oc1nc(C)cc(C)n1)C(=O)O,REP.A013_HA1E_24H:I01,c1ccc(C(COc2ncccn2)c2ccccc2)cc1,val
CARFILZOMIB,1,most,CC(C)C[C@H](NC(=O)[C@H](CCc1ccccc1)NC(=O)CN1CCOCC1)C(=O)N[C@@H](Cc1ccccc1)C(=O)N[C@@H](CC(C)C)C(=O)[C@@]1(C)CO1,REP.A010_HA1E_24H:P01,O=C(CN1CCOCC1)NC(CCc1ccccc1)C(=O)NCC(=O)NC(Cc1ccccc1)C(=O)NCC(=O)C1CO1,train
PHENYTOIN,1,most,O=C1NC(=O)C(c2ccccc2)(c2ccccc2)N1,REP.A015_HA1E_24H:B19,O=C1NC(=O)C(c2ccccc2)(c2ccccc2)N1,train
PIMOZIDE,1,less,O=c1[nH]c2ccccc2n1C1CCN(CCCC(c2ccc(F)cc2)c2ccc(F)cc2)CC1,REP.A012_HA1E_24H:F19,O=c1[nH]c2ccccc2n1C1CCN(CCCC(c2ccccc2)c2ccccc2)CC1,train
MIDODRINE HYDROCHLORIDE,1,most,COc1ccc(OC)c(C(O)CNC(=O)CN)c1,REP.A025_HA1E_24H:O07,c1ccccc1,train
Trimethobenzamide Hydrochloride,0,no,COc1cc(C(=O)NCc2ccc(OCCN(C)C)cc2)cc(OC)c1OC,REP.A008_HA1E_24H:D19,O=C(NCc1ccccc1)c1ccccc1,train
PROCAINAMIDE HYDROCHLORIDE,1,most,CCN(CC)CCNC(=O)c1ccc(N)cc1,REP.A024_HA1E_24H:F13,c1ccccc1,train
PRAZIQUANTEL,1,most,O=C(C1CCCCC1)N1CC(=O)N2CCc3ccccc3C2C1,REP.A006_HA1E_24H:I19,O=C(C1CCCCC1)N1CC(=O)N2CCc3ccccc3C2C1,train
Etomidate,1,less,CCOC(=O)c1cncn1[C@H](C)c1ccccc1,REP.A016_HA1E_24H:O13,c1ccc(Cn2ccnc2)cc1,train
METHYLNALTREXONE BROMIDE,1,less,C[N+]1(CC2CC2)CC[C@]23c4c5ccc(O)c4O[C@H]2C(=O)CC[C@@]3(O)[C@H]1C5,REP.A003_HA1E_24H:J01,O=C1CCC2C3Cc4cccc5c4C2(CC[NH+]3CC2CC2)C1O5,train
PYRIMETHAMINE,1,less,CCc1nc(N)nc(N)c1-c1ccc(Cl)cc1,REP.A026_HA1E_24H:D07,c1ccc(-c2cncnc2)cc1,train
ATORVASTATIN,0,no,CC(C)c1c(C(=O)Nc2ccccc2)c(-c2ccccc2)c(-c2ccc(F)cc2)n1CC[C@@H](O)C[C@@H](O)CC(=O)O,REP.A023_HA1E_24H:H01,O=C(Nc1ccccc1)c1c[nH]c(-c2ccccc2)c1-c1ccccc1,train
FELODIPINE,1,less,CCOC(=O)C1=C(C)NC(C)=C(C(=O)OC)C1c1cccc(Cl)c1Cl,REP.A009_HA1E_24H:G07,C1=CC(c2ccccc2)C=CN1,test
LACOSAMIDE,1,most,COC[C@@H](NC(C)=O)C(=O)NCc1ccccc1,REP.A023_HA1E_24H:C01,c1ccccc1,test
EVEROLIMUS,1,less,CO[C@H]1C[C@@H]2CC[C@@H](C)[C@@](O)(O2)C(=O)C(=O)N2CCCC[C@H]2C(=O)O[C@H]([C@H](C)C[C@@H]2CC[C@@H](OCCO)[C@H](OC)C2)CC(=O)[C@H](C)/C=C(\C)[C@@H](O)[C@@H](OC)C(=O)[C@H](C)C[C@H](C)/C=C/C=C/C=C/1C,LJP007_HA1E_24H:K19,O=C1CCC=CCC(=O)CC(CCC2CCCCC2)OC(=O)C2CCCCN2C(=O)C(=O)C2CCCC(CCC=CC=CC=CCCC1)O2,test
MIDOSTAURIN,1,less,CO[C@@H]1[C@H](N(C)C(=O)c2ccccc2)C[C@H]2O[C@]1(C)n1c3ccccc3c3c4c(c5c6ccccc6n2c5c31)C(=O)NC4,REP.A010_HA1E_24H:I01,O=C(NC1CC2OC(C1)n1c3ccccc3c3c4c(c5c6ccccc6n2c5c31)CNC4=O)c1ccccc1,test
EMTRICITABINE,0,no,Nc1nc(=O)n([C@@H]2CS[C@H](CO)O2)cc1F,REP.A015_HA1E_24H:O19,O=c1ncccn1C1CSCO1,train
bumetanide,1,less,CCCCNc1cc(C(=O)O)cc(S(N)(=O)=O)c1Oc1ccccc1,REP.A014_HA1E_24H:M07,c1ccc(Oc2ccccc2)cc1,train
rilpivirine hydrochloride,0,no,Cc1cc(/C=C/C#N)cc(C)c1Nc1ccnc(Nc2ccc(C#N)cc2)n1,REP.A011_HA1E_24H:H19,c1ccc(Nc2ccnc(Nc3ccccc3)n2)cc1,train
VARDENAFIL,1,most,CCCc1nc(C)c2c(=O)nc(-c3cc(S(=O)(=O)N4CCN(CC)CC4)ccc3OCC)[nH]n12,REP.A010_HA1E_24H:I13,O=c1nc(-c2cccc(S(=O)(=O)N3CCNCC3)c2)[nH]n2cncc12,val
CARBAMAZEPINE,1,most,NC(=O)N1c2ccccc2C=Cc2ccccc21,REP.A023_HA1E_24H:N01,C1=Cc2ccccc2Nc2ccccc21,train
EDOXABAN TOSYLATE,0,no,CN1CCc2nc(C(=O)N[C@@H]3C[C@@H](C(=O)N(C)C)CC[C@@H]3NC(=O)C(=O)Nc3ccc(Cl)cn3)sc2C1,REP.A001_HA1E_24H:K19,O=C(Nc1ccccn1)C(=O)NC1CCCCC1NC(=O)c1nc2c(s1)CNCC2,train
INDINAVIR SULFATE,1,less,CC(C)(C)NC(=O)[C@@H]1CN(Cc2cccnc2)CCN1C[C@@H](O)C[C@@H](Cc1ccccc1)C(=O)N[C@H]1c2ccccc2C[C@H]1O,REP.A003_HA1E_24H:H07,O=C(NC1CCc2ccccc21)C(CCCN1CCN(Cc2cccnc2)CC1)Cc1ccccc1,train
DABRAFENIB MESYLATE,1,most,CC(C)(C)c1nc(-c2cccc(NS(=O)(=O)c3c(F)cccc3F)c2F)c(-c2ccnc(N)n2)s1,LJP009_HA1E_24H:H07,O=S(=O)(Nc1cccc(-c2ncsc2-c2ccncn2)c1)c1ccccc1,train
AZITHROMYCIN ANHYDROUS,1,most,CC[C@@H]1OC(=O)[C@H](C)[C@@H](O[C@@H]2C[C@](C)(OC)[C@H](O)[C@@H](C)O2)[C@@H](C)[C@@H](O[C@@H]2O[C@H](C)C[C@H](N(C)C)[C@H]2O)[C@](C)(O)C[C@@H](C)CN(C)[C@H](C)[C@@H](O)[C@]1(C)O,REP.A024_HA1E_24H:B19,O=C1CC(OC2CCCCO2)CC(OC2CCCCO2)CCCCNCCCCO1,train
AZITHROMYCIN MONOHYDRATE,1,most,CC[C@H]1OC(=O)[C@H](C)[C@@H](O[C@H]2C[C@@](C)(OC)[C@@H](O)[C@H](C)O2)[C@H](C)[C@@H](O[C@@H]2O[C@H](C)C[C@H](N(C)C)[C@H]2O)[C@](C)(O)C[C@@H](C)CN(C)[C@H](C)[C@@H](O)[C@]1(C)O,REP.A024_HA1E_24H:B19,O=C1CC(OC2CCCCO2)CC(OC2CCCCO2)CCCCNCCCCO1,train
AZITHROMYCIN DIHYDRATE,1,most,CC[C@H]1OC(=O)[C@H](C)[C@@H](O[C@H]2C[C@@](C)(OC)[C@@H](O)[C@H](C)O2)[C@H](C)[C@@H](O[C@@H]2O[C@H](C)C[C@H](N(C)C)[C@H]2O)[C@](C)(O)C[C@@H](C)CN(C)[C@H](C)[C@@H](O)[C@]1(C)O,REP.A024_HA1E_24H:B19,O=C1CC(OC2CCCCO2)CC(OC2CCCCO2)CCCCNCCCCO1,train
MITOXANTRONE HYDROCHLORIDE,1,most,O=C1c2c(O)ccc(O)c2C(=O)c2c(NCCNCCO)ccc(NCCNCCO)c21,LJP005_HA1E_24H:C19,O=C1c2ccccc2C(=O)c2ccccc21,test
AZACITIDINE,1,less,Nc1ncn([C@@H]2O[C@H](CO)[C@@H](O)[C@H]2O)c(=O)n1,REP.A016_HA1E_24H:L13,O=c1ncncn1C1CCCO1,train
TADALAFIL,1,less,CN1CC(=O)N2[C@H](c3ccc4c(c3)OCO4)c3[nH]c4ccccc4c3C[C@@H]2C1=O,REP.A028_HA1E_24H:E19,O=C1NCC(=O)N2C1Cc1c([nH]c3ccccc13)C2c1ccc2c(c1)OCO2,train
DEFERASIROX,0,no,O=C(O)c1ccc(-n2nc(-c3ccccc3O)nc2-c2ccccc2O)cc1,REP.A028_HA1E_24H:M19,c1ccc(-c2nc(-c3ccccc3)n(-c3ccccc3)n2)cc1,val
Mibefradil,1,most,COCC(=O)O[C@]1(CCN(C)CCCc2nc3ccccc3[nH]2)CCc2cc(F)ccc2[C@@H]1C(C)C,REP.A005_HA1E_24H:I07,c1ccc2c(c1)CCC(CCNCCCc1nc3ccccc3[nH]1)C2,train
Probucol,1,most,CC(C)(Sc1cc(C(C)(C)C)c(O)c(C(C)(C)C)c1)Sc1cc(C(C)(C)C)c(O)c(C(C)(C)C)c1,REP.A023_HA1E_24H:M13,c1ccc(SCSc2ccccc2)cc1,train
VENLAFAXINE HYDROCHLORIDE,1,less,COc1ccc(C(CN(C)C)C2(O)CCCCC2)cc1,REP.A016_HA1E_24H:D07,c1ccc(CC2CCCCC2)cc1,val
RANITIDINE HYDROCHLORIDE,1,less,CNC(=C[N+](=O)[O-])NCCSCc1ccc(CN(C)C)o1,REP.A023_HA1E_24H:I07,c1ccoc1,train
AMANTADINE,1,less,NC12CC3CC(CC(C3)C1)C2,REP.A022_HA1E_24H:E19,C1C2CC3CC1CC(C2)C3,train
OXYBUTYNIN CHLORIDE,1,most,CCN(CC)CC#CCOC(=O)C(O)(c1ccccc1)C1CCCCC1,REP.A017_HA1E_24H:I19,c1ccc(CC2CCCCC2)cc1,val
FLECAINIDE ACETATE,1,most,O=C(NCC1CCCCN1)c1cc(OCC(F)(F)F)ccc1OCC(F)(F)F,REP.A005_HA1E_24H:I01,O=C(NCC1CCCCN1)c1ccccc1,train
PROCHLORPERAZINE,1,less,CN1CCN(CCCN2c3ccccc3Sc3ccc(Cl)cc32)CC1,REP.A004_HA1E_24H:C01,c1ccc2c(c1)Sc1ccccc1N2CCCN1CCNCC1,train
SPIRONOLACTONE,1,less,CC(=O)S[C@@H]1CC2=CC(=O)CC[C@]2(C)[C@H]2CC[C@@]3(C)[C@@H](CC[C@@]34CCC(=O)O4)[C@H]12,REP.A027_HA1E_24H:O07,O=C1C=C2CCC3C(CCC4C3CCC43CCC(=O)O3)C2CC1,train
DEXAMETHASONE,1,less,C[C@@H]1C[C@H]2[C@@H]3CCC4=CC(=O)C=C[C@]4(C)[C@@]3(F)[C@@H](O)C[C@]2(C)[C@@]1(O)C(=O)CO,REP.A016_HA1E_24H:N01,O=C1C=CC2C(=C1)CCC1C3CCCC3CCC21,train
DOXORUBICIN HYDROCHLORIDE,1,most,COc1cccc2c1C(=O)c1c(O)c3c(c(O)c1C2=O)C[C@@](O)(C(=O)CO)C[C@@H]3O[C@H]1C[C@H](N)[C@H](O)[C@H](C)O1,REP.A026_HA1E_24H:L19,O=C1c2ccccc2C(=O)c2cc3c(cc21)CCCC3OC1CCCCO1,val
ACARBOSE,0,no,C[C@H]1O[C@H](O[C@H]2[C@H](O)[C@@H](O)[C@@H](O[C@H]3[C@H](O)[C@@H](O)C(O)O[C@@H]3CO)O[C@@H]2CO)[C@H](O)[C@@H](O)[C@@H]1N[C@H]1C=C(CO)[C@@H](O)[C@H](O)[C@H]1O,REP.A012_HA1E_24H:H01,C1=CC(NC2CCC(OC3CCC(OC4CCCOC4)OC3)OC2)CCC1,train
ORLISTAT,0,no,CCCCCCCCCCC[C@@H](C[C@@H]1OC(=O)[C@H]1CCCCCC)OC(=O)[C@H](CC(C)C)NC=O,REP.A018_HA1E_24H:F13,O=C1CCO1,train
DAPAGLIFLOZIN PROPANEDIOL,0,no,CCOc1ccc(Cc2cc([C@@H]3O[C@H](CO)[C@@H](O)[C@H](O)[C@H]3O)ccc2Cl)cc1,REP.A019_HA1E_24H:F13,c1ccc(Cc2cccc(C3CCCCO3)c2)cc1,val
VORINOSTAT,1,less,O=C(CCCCCCC(=O)Nc1ccccc1)NO,LJP007_HA1E_24H:A03,c1ccccc1,train
Dronedarone,1,most,CCCCc1oc2ccc(NS(C)(=O)=O)cc2c1C(=O)c1ccc(OCCCN(CCCC)CCCC)cc1,REP.A011_HA1E_24H:G01,O=C(c1ccccc1)c1coc2ccccc12,val
MILNACIPRAN HYDROCHLORIDE; milnacipran hydrochloride,1,less,CCN(CC)C(=O)C1(c2ccccc2)CC1CN,REP.A010_HA1E_24H:O07,c1ccc(C2CC2)cc1,train
FINASTERIDE,1,less,CC(C)(C)NC(=O)[C@H]1CC[C@H]2[C@@H]3CC[C@H]4NC(=O)C=C[C@]4(C)[C@H]3CC[C@]12C,REP.A020_HA1E_24H:A13,O=C1C=CC2C(CCC3C4CCCC4CCC23)N1,train
FLUOXETINE HYDROCHLORIDE,1,most,CNCCC(Oc1ccc(C(F)(F)F)cc1)c1ccccc1,REP.A003_HA1E_24H:A13,c1ccc(COc2ccccc2)cc1,test
CARVEDILOL,1,most,COc1ccccc1OCCNCC(O)COc1cccc2[nH]c3ccccc3c12,REP.A005_HA1E_24H:N07,c1ccc(OCCNCCCOc2cccc3[nH]c4ccccc4c23)cc1,train
NATEGLINIDE,0,no,CC(C)[C@H]1CC[C@H](C(=O)N[C@H](Cc2ccccc2)C(=O)O)CC1,REP.A013_HA1E_24H:P19,O=C(NCCc1ccccc1)C1CCCCC1,train
PRIMAQUINE PHOSPHATE,1,less,COc1cc(NC(C)CCCN)c2ncccc2c1,REP.A015_HA1E_24H:A19,c1ccc2ncccc2c1,val
MIGLUSTAT,0,no,CCCCN1C[C@H](O)[C@@H](O)[C@H](O)[C@H]1CO,REP.A008_HA1E_24H:F01,C1CCNCC1,train
DISOPYRAMIDE PHOSPHATE,1,most,CC(C)N(CCC(C(N)=O)(c1ccccc1)c1ccccn1)C(C)C,REP.A001_HA1E_24H:M19,c1ccc(Cc2ccccn2)cc1,train
TOREMIFENE CITRATE,1,most,CN(C)CCOc1ccc(/C(=C(/CCCl)c2ccccc2)c2ccccc2)cc1,REP.A007_HA1E_24H:G07,C(=C(c1ccccc1)c1ccccc1)c1ccccc1,val
MECLOFENAMATE SODIUM,1,most,Cc1ccc(Cl)c(Nc2ccccc2C(=O)[O-])c1Cl,REP.A019_HA1E_24H:P02,c1ccc(Nc2ccccc2)cc1,test
SAQUINAVIR MESYLATE,1,most,CC(C)(C)NC(=O)[C@@H]1C[C@@H]2CCCC[C@@H]2CN1C[C@@H](O)[C@H](Cc1ccccc1)NC(=O)[C@H](CC(N)=O)NC(=O)c1ccc2ccccc2n1,REP.A001_HA1E_24H:E13,O=C(CNC(=O)c1ccc2ccccc2n1)NC(CCN1CCC2CCCCC2C1)Cc1ccccc1,train
REGORAFENIB MONOHYDRATE,1,most,CNC(=O)c1cc(Oc2ccc(NC(=O)Nc3ccc(Cl)c(C(F)(F)F)c3)c(F)c2)ccn1,LJP009_HA1E_24H:N07,O=C(Nc1ccccc1)Nc1ccc(Oc2ccncc2)cc1,train
QUINIDINE GLUCONATE,1,less,C=C[C@H]1CN2CC[C@H]1C[C@@H]2[C@@H](O)c1ccnc2ccc(OC)cc12,REP.A015_HA1E_24H:M01,c1ccc2c(CC3CC4CCN3CC4)ccnc2c1,val
ATOVAQUONE,0,no,O=C1C(O)=C([C@H]2CC[C@H](c3ccc(Cl)cc3)CC2)C(=O)c2ccccc21,REP.A006_HA1E_24H:E07,O=C1C=C(C2CCC(c3ccccc3)CC2)C(=O)c2ccccc21,train
ATORVASTATIN CALCIUM TRIHYDRATE,0,no,CC(C)c1c(C(=O)Nc2ccccc2)c(-c2ccccc2)c(-c2ccc(F)cc2)n1CC[C@@H](O)C[C@@H](O)CC(=O)[O-],REP.A023_HA1E_24H:H01,O=C(Nc1ccccc1)c1c[nH]c(-c2ccccc2)c1-c1ccccc1,train
Nalbuphine Hydrochloride,1,less,Oc1ccc2c3c1O[C@H]1[C@@H](O)CC[C@@]4(O)[C@@H](C2)N(CC2CCC2)CC[C@]314,REP.A018_HA1E_24H:N01,c1cc2c3c(c1)OC1CCCC4C(C2)N(CC2CCC2)CCC314,test
PIRFENIDONE,0,no,Cc1ccc(=O)n(-c2ccccc2)c1,REP.A028_HA1E_24H:M13,O=c1ccccn1-c1ccccc1,val
NAPROXEN SODIUM,1,most,COc1ccc2cc([C@H](C)C(=O)[O-])ccc2c1,REP.A014_HA1E_24H:F19,c1ccc2ccccc2c1,train
ROCURONIUM BROMIDE,1,less,C=CC[N+]1([C@H]2C[C@H]3[C@@H]4CC[C@H]5C[C@H](O)[C@@H](N6CCOCC6)C[C@]5(C)[C@H]4CC[C@]3(C)[C@H]2OC(C)=O)CCCC1,REP.A015_HA1E_24H:I13,C1CC[NH+](C2CC3CCC4C5CC(N6CCOCC6)CCC5CCC4C3C2)C1,test
NEFAZODONE HYDROCHLORIDE,1,less,CCc1nn(CCCN2CCN(c3cccc(Cl)c3)CC2)c(=O)n1CCOc1ccccc1,REP.A008_HA1E_24H:P19,O=c1n(CCOc2ccccc2)cnn1CCCN1CCN(c2ccccc2)CC1,train
MOXIFLOXACIN HYDROCHLORIDE,1,most,COc1c(N2C[C@@H]3CCCN[C@@H]3C2)c(F)cc2c(=O)c(C(=O)O)cn(C3CC3)c12,REP.A018_HA1E_24H:N13,O=c1ccn(C2CC2)c2cc(N3CC4CCCNC4C3)ccc12,train
CHLORPROMAZINE HYDROCHLORIDE,1,less,CN(C)CCCN1c2ccccc2Sc2ccc(Cl)cc21,REP.A026_HA1E_24H:G07,c1ccc2c(c1)Nc1ccccc1S2,train
ROPINIROLE HYDROCHLORIDE,1,most,CCCN(CCC)CCc1cccc2c1CC(=O)N2,REP.A002_HA1E_24H:C01,O=C1Cc2ccccc2N1,train
MOLINDONE HYDROCHLORIDE,1,less,CCc1c(C)[nH]c2c1C(=O)C(CN1CCOCC1)CC2,REP.A017_HA1E_24H:P07,O=C1c2cc[nH]c2CCC1CN1CCOCC1,train
QUETIAPINE FUMARATE,1,less,OCCOCCN1CCN(C2=Nc3ccccc3Sc3ccccc32)CC1,REP.A023_HA1E_24H:E01,c1ccc2c(c1)N=C(N1CCNCC1)c1ccccc1S2,test
SELEGILINE HYDROCHLORIDE,1,less,C#CCN(C)[C@H](C)Cc1ccccc1,REP.A001_HA1E_24H:I07,c1ccccc1,test
FENOLDOPAM MESYLATE,1,less,Oc1ccc(C2CNCCc3c2cc(O)c(O)c3Cl)cc1,REP.A008_HA1E_24H:E19,c1ccc(C2CNCCc3ccccc32)cc1,train
DULOXETINE HYDROCHLORIDE,1,less,CNCC[C@H](Oc1cccc2ccccc12)c1cccs1,REP.A023_HA1E_24H:L13,c1csc(COc2cccc3ccccc23)c1,train
CHLORTHALIDONE,1,less,NS(=O)(=O)c1cc(C2(O)NC(=O)c3ccccc32)ccc1Cl,REP.A004_HA1E_24H:O07,O=C1NC(c2ccccc2)c2ccccc21,train
PROPAFENONE HYDROCHLORIDE,1,most,CCCNCC(O)COc1ccccc1C(=O)CCc1ccccc1,REP.A001_HA1E_24H:D19,O=C(CCc1ccccc1)c1ccccc1,train
ganciclovir sodium,1,less,Nc1nc([O-])c2ncn(COC(CO)CO)c2n1,REP.A006_HA1E_24H:L19,c1ncc2nc[nH]c2n1,train
BROMOCRIPTINE MESYLATE,1,most,CC(C)C[C@H]1C(=O)N2CCC[C@H]2[C@]2(O)O[C@](NC(=O)[C@@H]3C=C4c5cccc6[nH]c(Br)c(c56)C[C@H]4N(C)C3)(C(C)C)C(=O)N12,REP.A020_HA1E_24H:H07,O=C(NC1OC2C3CCCN3C(=O)CN2C1=O)C1C=C2c3cccc4[nH]cc(c34)CC2NC1,train
Cladribine,1,most,Nc1nc(Cl)nc2c1ncn2[C@H]1C[C@H](O)[C@@H](CO)O1,REP.A027_HA1E_24H:K01,c1ncc2ncn(C3CCCO3)c2n1,train
AMANTADINE HYDROCHLORIDE,1,less,NC12CC3CC(CC(C3)C1)C2,REP.A022_HA1E_24H:E19,C1C2CC3CC1CC(C2)C3,val
IBRUTINIB,1,most,C=CC(=O)N1CCC[C@@H](n2nc(-c3ccc(Oc4ccccc4)cc3)c3c(N)ncnc32)C1,REP.A023_HA1E_24H:G19,c1ccc(Oc2ccc(-c3nn(C4CCCNC4)c4ncncc34)cc2)cc1,train
RISPERIDONE,1,less,Cc1nc2n(c(=O)c1CCN1CCC(c3noc4cc(F)ccc34)CC1)CCCC2,REP.A016_HA1E_24H:J01,O=c1c(CCN2CCC(c3noc4ccccc34)CC2)cnc2n1CCCC2,train
CITALOPRAM HYDROBROMIDE,1,most,CN(C)CCCC1(c2ccc(F)cc2)OCc2cc(C#N)ccc21,REP.A017_HA1E_24H:C13,c1ccc(C2OCc3ccccc32)cc1,train
dasatinib,1,most,Cc1nc(Nc2ncc(C(=O)Nc3c(C)cccc3Cl)s2)cc(N2CCN(CCO)CC2)n1,LJP005_HA1E_24H:D01,O=C(Nc1ccccc1)c1cnc(Nc2cc(N3CCNCC3)ncn2)s1,train
PHENYTOIN SODIUM,1,most,O=C1N=C([O-])NC1(c1ccccc1)c1ccccc1,REP.A015_HA1E_24H:B19,O=C1N=CNC1(c1ccccc1)c1ccccc1,train
GEMFIBROZIL,1,less,Cc1ccc(C)c(OCCCC(C)(C)C(=O)O)c1,REP.A005_HA1E_24H:M19,c1ccccc1,train
BEXAROTENE,1,less,C=C(c1ccc(C(=O)O)cc1)c1cc2c(cc1C)C(C)(C)CCC2(C)C,REP.A028_HA1E_24H:A13,C=C(c1ccccc1)c1ccc2c(c1)CCCC2,train
Tolcapone,1,less,Cc1ccc(C(=O)c2cc(O)c(O)c([N+](=O)[O-])c2)cc1,REP.A005_HA1E_24H:K19,O=C(c1ccccc1)c1ccccc1,val
DOPAMINE HYDROCHLORIDE,1,most,NCCc1ccc(O)c(O)c1,REP.A013_HA1E_24H:O07,c1ccccc1,train
APREMILAST,0,no,CCOc1cc([C@@H](CS(C)(=O)=O)N2C(=O)c3cccc(NC(C)=O)c3C2=O)ccc1OC,REP.A027_HA1E_24H:D01,O=C1c2ccccc2C(=O)N1Cc1ccccc1,train
VISMODEGIB,0,no,CS(=O)(=O)c1ccc(C(=O)Nc2ccc(Cl)c(-c3ccccn3)c2)c(Cl)c1,REP.A017_HA1E_24H:D01,O=C(Nc1cccc(-c2ccccn2)c1)c1ccccc1,train
POMALIDOMIDE,1,most,Nc1cccc2c1C(=O)N(C1CCC(=O)NC1=O)C2=O,REP.A010_HA1E_24H:E13,O=C1CCC(N2C(=O)c3ccccc3C2=O)C(=O)N1,train
ISONIAZID,0,no,NNC(=O)c1ccncc1,REP.A008_HA1E_24H:L19,c1ccncc1,train
Apalutamide,1,most,CNC(=O)c1ccc(N2C(=S)N(c3cnc(C#N)c(C(F)(F)F)c3)C(=O)C23CCC3)cc1F,REP.A026_HA1E_24H:I19,O=C1N(c2cccnc2)C(=S)N(c2ccccc2)C12CCC2,train
Busulfan,1,less,CS(=O)(=O)OCCCCOS(C)(=O)=O,REP.A006_HA1E_24H:M19,generic_linear,train
AMINOCAPROIC ACID,1,less,NCCCCCC(=O)O,REP.A017_HA1E_24H:J07,generic_linear,val
ARGATROBAN,1,less,CC1CNc2c(cccc2S(=O)(=O)N[C@@H](CCCNC(=N)N)C(=O)N2CC[C@@H](C)C[C@@H]2C(=O)O)C1,REP.A005_HA1E_24H:J19,O=C(CNS(=O)(=O)c1cccc2c1NCCC2)N1CCCCC1,train
CEFOTETAN,0,no,CO[C@@]1(NC(=O)C2SC(=C(C(N)=O)C(=O)O)S2)C(=O)N2C(C(=O)O)=C(CSc3nnnn3C)CS[C@@H]21,REP.A024_HA1E_24H:N19,C=C1SC(C(=O)NC2C(=O)N3C=C(CSc4nnn[nH]4)CSC23)S1,val
TRIAMTERENE,0,no,Nc1nc(N)c2nc(-c3ccccc3)c(N)nc2n1,REP.A026_HA1E_24H:K19,c1ccc(-c2cnc3ncncc3n2)cc1,train
AMIODARONE HYDROCHLORIDE,1,less,CCCCc1oc2ccccc2c1C(=O)c1cc(I)c(OCCN(CC)CC)c(I)c1,REP.A002_HA1E_24H:K13,O=C(c1ccccc1)c1coc2ccccc12,train
RUFINAMIDE,1,less,NC(=O)c1cn(Cc2c(F)cccc2F)nn1,REP.A006_HA1E_24H:F19,c1ccc(Cn2ccnn2)cc1,train
NORETHINDRONE,0,no,C#C[C@]1(O)CC[C@H]2[C@@H]3CCC4=CC(=O)CC[C@@H]4[C@H]3CC[C@@]21C,REP.A005_HA1E_24H:G07,O=C1C=C2CCC3C4CCCC4CCC3C2CC1,train
PAROXETINE HYDROCHLORIDE ANHYDROUS,1,less,Fc1ccc([C@@H]2CCNC[C@H]2COc2ccc3c(c2)OCO3)cc1,REP.A013_HA1E_24H:D13,c1ccc(C2CCNCC2COc2ccc3c(c2)OCO3)cc1,train
SERTRALINE HYDROCHLORIDE,1,most,CN[C@H]1CC[C@@H](c2ccc(Cl)c(Cl)c2)c2ccccc21,REP.A023_HA1E_24H:I01,c1ccc(C2CCCc3ccccc32)cc1,test
NAPROXEN,1,most,COc1ccc2cc([C@H](C)C(=O)O)ccc2c1,REP.A014_HA1E_24H:F19,c1ccc2ccccc2c1,val
PYRIDOSTIGMINE BROMIDE,0,no,CN(C)C(=O)Oc1ccc[n+](C)c1,REP.A008_HA1E_24H:H01,c1cc[nH+]cc1,train
Dimethyl Sulfoxide,0,no,C[S+](C)[O-],LJP005_HA1E_24H:A03,generic_linear,train
INFIGRATINIB,0,no,CCN1CCN(c2ccc(Nc3cc(N(C)C(=O)Nc4c(Cl)c(OC)cc(OC)c4Cl)ncn3)cc2)CC1,LJP007_HA1E_24H:P19,O=C(Nc1ccccc1)Nc1cc(Nc2ccc(N3CCNCC3)cc2)ncn1,train
APREPITANT,1,less,C[C@@H](O[C@H]1OCCN(Cc2n[nH]c(=O)[nH]2)[C@H]1c1ccc(F)cc1)c1cc(C(F)(F)F)cc(C(F)(F)F)c1,REP.A018_HA1E_24H:K01,O=c1[nH]nc(CN2CCOC(OCc3ccccc3)C2c2ccccc2)[nH]1,test
bortezomib,1,most,CC(C)C[C@H](NC(=O)[C@H](Cc1ccccc1)NC(=O)c1cnccn1)B(O)O,REP.A001_HA1E_24H:C19,O=C(NCCc1ccccc1)c1cnccn1,train
DOXAPRAM HYDROCHLORIDE,1,most,CCN1CC(CCN2CCOCC2)C(c2ccccc2)(c2ccccc2)C1=O,REP.A019_HA1E_24H:F01,O=C1NCC(CCN2CCOCC2)C1(c1ccccc1)c1ccccc1,train
LEVOCETIRIZINE DIHYDROCHLORIDE,1,less,O=C(O)COCCN1CCN([C@H](c2ccccc2)c2ccc(Cl)cc2)CC1,REP.A004_HA1E_24H:O19,c1ccc(C(c2ccccc2)N2CCNCC2)cc1,train
CHENODIOL,0,no,C[C@H](CCC(=O)O)[C@H]1CC[C@H]2[C@@H]3[C@H](O)C[C@@H]4C[C@H](O)CC[C@]4(C)[C@H]3CC[C@]12C,REP.A007_HA1E_24H:C01,C1CCC2C(C1)CCC1C3CCCC3CCC21,train
TORSEMIDE,1,less,Cc1cccc(Nc2ccncc2S(=O)(=O)NC(=O)NC(C)C)c1,REP.A001_HA1E_24H:O19,c1ccc(Nc2ccncc2)cc1,train
ZIPRASIDONE MESYLATE,1,less,O=C1Cc2cc(CCN3CCN(c4nsc5ccccc45)CC3)c(Cl)cc2N1,REP.A001_HA1E_24H:M01,O=C1Cc2cc(CCN3CCN(c4nsc5ccccc45)CC3)ccc2N1,train
VILAZODONE HYDROCHLORIDE,1,less,N#Cc1ccc2[nH]cc(CCCCN3CCN(c4ccc5oc(C(N)=O)cc5c4)CC3)c2c1,REP.A015_HA1E_24H:H13,c1ccc2c(CCCCN3CCN(c4ccc5occc5c4)CC3)c[nH]c2c1,train
DAUNORUBICIN HYDROCHLORIDE,1,most,COc1cccc2c1C(=O)c1c(O)c3c(c(O)c1C2=O)C[C@@](O)(C(C)=O)C[C@@H]3O[C@H]1C[C@H](N)[C@H](O)[C@H](C)O1,REP.A008_HA1E_24H:A07,O=C1c2ccccc2C(=O)c2cc3c(cc21)CCCC3OC1CCCCO1,val
LEVOMILNACIPRAN HYDROCHLORIDE; levomilnacipran hydrochloride,1,less,CCN(CC)C(=O)[C@@]1(c2ccccc2)C[C@H]1CN,REP.A010_HA1E_24H:O07,c1ccc(C2CC2)cc1,val
DIFLUNISAL,1,most,O=C(O)c1cc(-c2ccc(F)cc2F)ccc1O,REP.A004_HA1E_24H:G07,c1ccc(-c2ccccc2)cc1,train
OMEPRAZOLE,1,less,COc1ccc2[nH]c([S+]([O-])Cc3ncc(C)c(OC)c3C)nc2c1,REP.A014_HA1E_24H:B07,c1ccc(C[SH+]c2nc3ccccc3[nH]2)nc1,train
RASAGILINE MESYLATE,1,less,C#CCN[C@@H]1CCc2ccccc21,REP.A015_HA1E_24H:H19,c1ccc2c(c1)CCC2,train
Tobramycin Sulfate,0,no,NC[C@H]1O[C@H](O[C@H]2[C@H](O)[C@@H](O[C@H]3O[C@H](CO)[C@@H](O)[C@H](N)[C@H]3O)[C@H](N)C[C@@H]2N)[C@H](N)C[C@@H]1O,REP.A027_HA1E_24H:H07,C1CCC(OC2CCCC(OC3CCCCO3)C2)OC1,test
CAFFEINE CITRATE,1,most,Cn1c(=O)c2c(ncn2C)n(C)c1=O,REP.A012_HA1E_24H:L07,O=c1[nH]c(=O)c2[nH]cnc2[nH]1,val
ZIPRASIDONE HYDROCHLORIDE,1,most,O=C1Cc2cc(CCN3CCN(c4nsc5ccccc45)CC3)c(Cl)cc2N1,REP.A001_HA1E_24H:M01,O=C1Cc2cc(CCN3CCN(c4nsc5ccccc45)CC3)ccc2N1,train
AMITRIPTYLINE HYDROCHLORIDE,1,most,CN(C)CCC=C1c2ccccc2CCc2ccccc21,REP.A007_HA1E_24H:L01,C=C1c2ccccc2CCc2ccccc21,train
triptorelin,1,less,CC(C)C[C@H](NC(=O)[C@@H](Cc1c[nH]c2ccccc12)NC(=O)[C@H](Cc1ccc(O)cc1)NC(=O)[C@H](CO)NC(=O)[C@H](Cc1c[nH]c2ccccc12)NC(=O)[C@H](Cc1c[nH]cn1)NC(=O)[C@@H]1CCC(=O)N1)C(=O)N[C@@H](CCCNC(=N)N)C(=O)N1CCC[C@H]1C(=O)NCC(N)=O,REP.A018_HA1E_24H:C13,O=C(CNC(=O)C(Cc1c[nH]c2ccccc12)NC(=O)C(Cc1ccccc1)NC(=O)CNC(=O)C(Cc1c[nH]c2ccccc12)NC(=O)C(Cc1c[nH]cn1)NC(=O)C1CCC(=O)N1)NCC(=O)N1CCCC1,val
CETIRIZINE HYDROCHLORIDE,1,less,O=C(O)COCCN1CCN(C(c2ccccc2)c2ccc(Cl)cc2)CC1,REP.A004_HA1E_24H:O19,c1ccc(C(c2ccccc2)N2CCNCC2)cc1,train
TRAZODONE HYDROCHLORIDE,1,most,O=c1n(CCCN2CCN(c3cccc(Cl)c3)CC2)nc2ccccn12,REP.A022_HA1E_24H:G07,O=c1n(CCCN2CCN(c3ccccc3)CC2)nc2ccccn12,train
ROMIDEPSIN,1,less,C/C=C1\NC(=O)[C@H]2CSSCC/C=C/[C@H](CC(=O)N[C@H](C(C)C)C(=O)N2)OC(=O)[C@H](C(C)C)NC1=O,REP.A015_HA1E_24H:P14,C=C1NC(=O)C2CSSCCC=CC(CC(=O)NCC(=O)N2)OC(=O)CNC1=O,val
mebendazole,0,no,COC(=O)Nc1nc2cc(C(=O)c3ccccc3)ccc2[nH]1,REP.A015_HA1E_24H:I01,O=C(c1ccccc1)c1ccc2[nH]cnc2c1,train
RAMIPRIL,1,less,CCOC(=O)[C@H](CCc1ccccc1)N[C@@H](C)C(=O)N1[C@H](C(=O)O)C[C@@H]2CCC[C@@H]21,REP.A026_HA1E_24H:E19,O=C(CNCCCc1ccccc1)N1CCC2CCCC21,train
sotalol,1,most,CC(C)NCC(O)c1ccc(NS(C)(=O)=O)cc1,REP.A003_HA1E_24H:H01,c1ccccc1,train
Tepotinib Hydrochloride,0,no,CN1CCC(COc2cnc(-c3cccc(Cn4nc(-c5cccc(C#N)c5)ccc4=O)c3)nc2)CC1,REP.A027_HA1E_24H:P07,O=c1ccc(-c2ccccc2)nn1Cc1cccc(-c2ncc(OCC3CCNCC3)cn2)c1,train
PINDOLOL,1,less,CC(C)NCC(O)COc1cccc2[nH]ccc12,REP.A025_HA1E_24H:A07,c1ccc2[nH]ccc2c1,train
BALSALAZIDE DISODIUM,1,less,O=C([O-])CCNC(=O)c1ccc(/N=N/c2ccc(O)c(C(=O)[O-])c2)cc1,REP.A013_HA1E_24H:J07,c1ccc(N=Nc2ccccc2)cc1,train
ANIDULAFUNGIN,1,less,CCCCCOc1ccc(-c2ccc(-c3ccc(C(=O)N[C@H]4C[C@@H](O)[C@@H](O)NC(=O)[C@@H]5[C@@H](O)[C@@H](C)CN5C(=O)[C@H]([C@@H](C)O)NC(=O)[C@H]([C@H](O)[C@@H](O)c5ccc(O)cc5)NC(=O)[C@@H]5C[C@@H](O)CN5C(=O)[C@H]([C@@H](C)O)NC4=O)cc3)cc2)cc1,REP.A025_HA1E_24H:J07,O=C(NC1CCCNC(=O)C2CCCN2C(=O)CNC(=O)C(CCc2ccccc2)NC(=O)C2CCCN2C(=O)CNC1=O)c1ccc(-c2ccc(-c3ccccc3)cc2)cc1,train
LABETALOL HYDROCHLORIDE,1,most,CC(CCc1ccccc1)NCC(O)c1ccc(O)c(C(N)=O)c1,REP.A011_HA1E_24H:N13,c1ccc(CCCNCCc2ccccc2)cc1,train
FENFLURAMINE,1,most,CCNC(C)Cc1cccc(C(F)(F)F)c1,REP.A015_HA1E_24H:I07,c1ccccc1,train
ISRADIPINE,1,less,COC(=O)C1=C(C)NC(C)=C(C(=O)OC(C)C)C1c1cccc2nonc12,REP.A025_HA1E_24H:D01,C1=CC(c2cccc3nonc23)C=CN1,test
BELINOSTAT,1,less,O=C(/C=C/c1cccc(S(=O)(=O)Nc2ccccc2)c1)NO,LJP008_HA1E_24H:L19,O=S(=O)(Nc1ccccc1)c1ccccc1,train
Phentolamine Mesylate,1,most,Cc1ccc(N(CC2=NCCN2)c2cccc(O)c2)cc1,REP.A025_HA1E_24H:E19,c1ccc(N(CC2=NCCN2)c2ccccc2)cc1,train
SORAFENIB,1,most,CNC(=O)c1cc(Oc2ccc(NC(=O)Nc3ccc(Cl)c(C(F)(F)F)c3)cc2)ccn1,LJP006_HA1E_24H:B07,O=C(Nc1ccccc1)Nc1ccc(Oc2ccncc2)cc1,test
Eptifibatide,1,less,N=C(N)NCCCC[C@@H]1NC(=O)CCSSC[C@@H](C(N)=O)NC(=O)[C@@H]2CCCN2C(=O)[C@H](Cc2c[nH]c3ccccc23)NC(=O)[C@H](CC(=O)O)NC(=O)CNC1=O,REP.A026_HA1E_24H:H13,O=C1CCSSCCNC(=O)C2CCCN2C(=O)C(Cc2c[nH]c3ccccc23)NC(=O)CNC(=O)CNC(=O)CN1,train
Urea C-14,0,no,N[14C](N)=O,REP.A008_HA1E_24H:M13,generic_linear,test
VEMURAFENIB,1,most,CCCS(=O)(=O)Nc1ccc(F)c(C(=O)c2c[nH]c3ncc(-c4ccc(Cl)cc4)cc23)c1F,LJP005_HA1E_24H:C13,O=C(c1ccccc1)c1c[nH]c2ncc(-c3ccccc3)cc12,val
ACETAMINOPHEN,1,less,CC(=O)Nc1ccc(O)cc1,REP.A013_HA1E_24H:J19,c1ccccc1,train
PALBOCICLIB,0,no,CC(=O)c1c(C)c2cnc(Nc3ccc(N4CCNCC4)cn3)nc2n(C2CCCC2)c1=O,LJP006_HA1E_24H:E13,O=c1ccc2cnc(Nc3ccc(N4CCNCC4)cn3)nc2n1C1CCCC1,test
RIMEGEPANT SULFATE,0,no,N[C@@H]1c2cccnc2[C@H](OC(=O)N2CCC(n3c(=O)[nH]c4ncccc43)CC2)CC[C@H]1c1cccc(F)c1F,REP.A015_HA1E_24H:A13,O=C(OC1CCC(c2ccccc2)Cc2cccnc21)N1CCC(n2c(=O)[nH]c3ncccc32)CC1,train
THEOPHYLLINE ANHYDROUS,1,less,Cn1c(=O)c2[nH]cnc2n(C)c1=O,REP.A025_HA1E_24H:B13,O=c1[nH]c(=O)c2[nH]cnc2[nH]1,train
TRAMETINIB DIMETHYL SULFOXIDE,1,most,CC(=O)Nc1cccc(-n2c(=O)n(C3CC3)c(=O)c3c(Nc4ccc(I)cc4F)n(C)c(=O)c(C)c32)c1,LJP005_HA1E_24H:P19,O=c1cc2c(c(Nc3ccccc3)[nH]1)c(=O)n(C1CC1)c(=O)n2-c1ccccc1,train
CEFDINIR MONOHYDRATE,1,less,C=CC1=C(C(=O)O)N2C(=O)[C@@H](NC(=O)/C(=N\O)c3csc(N)n3)[C@H]2SC1,REP.A002_HA1E_24H:B13,N=C(C(=O)NC1C(=O)N2C=CCSC12)c1cscn1,test
PROBENECID,0,no,CCCN(CCC)S(=O)(=O)c1ccc(C(=O)O)cc1,REP.A028_HA1E_24H:J07,c1ccccc1,train
BELUMOSUDIL,1,less,CC(C)NC(=O)COc1cccc(-c2nc(Nc3ccc4[nH]ncc4c3)c3ccccc3n2)c1,REP.A026_HA1E_24H:C13,c1ccc(-c2nc(Nc3ccc4[nH]ncc4c3)c3ccccc3n2)cc1,train
PANTOPRAZOLE SODIUM,0,no,COc1ccnc(C[S+]([O-])c2nc3cc(OC(F)F)ccc3[n-]2)c1OC,REP.A006_HA1E_24H:K13,c1ccc(C[SH+]c2nc3ccccc3[n-]2)nc1,train
ACYCLOVIR SODIUM,1,less,Nc1nc([O-])c2ncn(COCCO)c2n1,REP.A008_HA1E_24H:E01,c1ncc2nc[nH]c2n1,train
DANAZOL,1,less,C#C[C@]1(O)CC[C@H]2[C@@H]3CCC4=Cc5oncc5C[C@]4(C)[C@H]3CC[C@@]21C,REP.A028_HA1E_24H:A19,C1=C2CCC3C4CCCC4CCC3C2Cc2cnoc21,train
MERCAPTOPURINE,0,no,S=c1[nH]cnc2nc[nH]c12,REP.A026_HA1E_24H:K01,S=c1[nH]cnc2nc[nH]c12,train
METOLAZONE,1,less,Cc1ccccc1N1C(=O)c2cc(S(N)(=O)=O)c(Cl)cc2NC1C,REP.A017_HA1E_24H:M13,O=C1c2ccccc2NCN1c1ccccc1,train
ALLOPURINOL,1,less,Oc1ncnc2[nH]ncc12,REP.A021_HA1E_24H:O07,c1ncc2cn[nH]c2n1,train
BOSUTINIB MONOHYDRATE,1,most,COc1cc(Nc2c(C#N)cnc3cc(OCCCN4CCN(C)CC4)c(OC)cc23)c(Cl)cc1Cl,LJP007_HA1E_24H:D19,c1ccc(Nc2ccnc3cc(OCCCN4CCNCC4)ccc23)cc1,train
LONAFARNIB,1,less,NC(=O)N1CCC(CC(=O)N2CCC([C@H]3c4ncc(Br)cc4CCc4cc(Cl)cc(Br)c43)CC2)CC1,REP.A014_HA1E_24H:P13,O=C(CC1CCNCC1)N1CCC(C2c3ccccc3CCc3cccnc32)CC1,val
METOPROLOL SUCCINATE,1,most,COCCc1ccc(OCC(O)CNC(C)C)cc1,REP.A011_HA1E_24H:A13,c1ccccc1,train
CIPROFLOXACIN HYDROCHLORIDE,1,most,O=C(O)c1cn(C2CC2)c2cc(N3CCNCC3)c(F)cc2c1=O,REP.A011_HA1E_24H:C13,O=c1ccn(C2CC2)c2cc(N3CCNCC3)ccc12,test
LOPERAMIDE HYDROCHLORIDE,1,most,CN(C)C(=O)C(CCN1CCC(O)(c2ccc(Cl)cc2)CC1)(c1ccccc1)c1ccccc1,REP.A015_HA1E_24H:O13,c1ccc(C2CCN(CCC(c3ccccc3)c3ccccc3)CC2)cc1,train
PROPYLTHIOURACIL,0,no,CCCc1cc(=O)[nH]c(=S)[nH]1,REP.A007_HA1E_24H:N07,O=c1cc[nH]c(=S)[nH]1,test
anhydrous tacrolimus,1,less,C=CC[C@@H]1/C=C(\C)C[C@H](C)C[C@H](OC)[C@H]2O[C@@](O)(C(=O)C(=O)N3CCCC[C@H]3C(=O)O[C@H](/C(C)=C/[C@@H]3CC[C@@H](O)[C@H](OC)C3)[C@H](C)[C@@H](O)CC1=O)[C@H](C)C[C@@H]2OC,LPROT002_A375_6H:P01,O=C1CC=CCCCCC2CCCC(O2)C(=O)C(=O)N2CCCCC2C(=O)OC(C=CC2CCCCC2)CCC1,test
NEBIVOLOL HYDROCHLORIDE,1,less,OC(CNCC(O)C1CCc2cc(F)ccc2O1)C1CCc2cc(F)ccc2O1,REP.A011_HA1E_24H:D13,c1ccc2c(c1)CCC(CCNCCC1CCc3ccccc3O1)O2,train
DOCETAXEL ANHYDROUS,1,less,CC(=O)O[C@@]12CO[C@@H]1C[C@H](O)[C@@]1(C)C(=O)[C@H](O)C3=C(C)[C@@H](OC(=O)[C@H](O)[C@@H](NC(=O)OC(C)(C)C)c4ccccc4)C[C@@](O)([C@@H](OC(=O)c4ccccc4)[C@H]21)C3(C)C,REP.A011_HA1E_24H:H13,O=C(CCc1ccccc1)OC1C=C2CC(=O)C3CCC4OCC4C3C(OC(=O)c3ccccc3)C(C2)C1,val
LISINOPRIL,1,less,NCCCC[C@H](N[C@@H](CCc1ccccc1)C(=O)O)C(=O)N1CCC[C@H]1C(=O)O,REP.A023_HA1E_24H:A13,O=C(CNCCCc1ccccc1)N1CCCC1,train
ETRAVIRINE,1,less,Cc1cc(C#N)cc(C)c1Oc1nc(Nc2ccc(C#N)cc2)nc(N)c1Br,REP.A025_HA1E_24H:I07,c1ccc(Nc2nccc(Oc3ccccc3)n2)cc1,val
IVABRADINE HYDROCHLORIDE,1,most,COc1cc2c(cc1OC)CC(=O)N(CCCN(C)C[C@H]1Cc3cc(OC)c(OC)cc31)CC2,REP.A003_HA1E_24H:B19,O=C1Cc2ccccc2CCN1CCCNCC1Cc2ccccc21,train
MIGLITOL,0,no,OCCN1C[C@H](O)[C@@H](O)[C@H](O)[C@H]1CO,REP.A018_HA1E_24H:E13,C1CCNCC1,val
MECLIZINE HYDROCHLORIDE,0,no,Cc1cccc(CN2CCN(C(c3ccccc3)c3ccc(Cl)cc3)CC2)c1,REP.A017_HA1E_24H:E01,c1ccc(CN2CCN(C(c3ccccc3)c3ccccc3)CC2)cc1,test
LORATADINE,0,no,CCOC(=O)N1CCC(=C2c3ccc(Cl)cc3CCc3cccnc32)CC1,REP.A021_HA1E_24H:G07,c1ccc2c(c1)CCc1cccnc1C2=C1CCNCC1,val
PRAMIPEXOLE DIHYDROCHLORIDE,1,less,CCCN[C@H]1CCc2nc(N)sc2C1,REP.A011_HA1E_24H:I07,c1nc2c(s1)CCCC2,test
DEOXYCHOLIC ACID,1,less,C[C@H](CCC(=O)O)[C@H]1CC[C@H]2[C@@H]3CC[C@@H]4C[C@H](O)CC[C@]4(C)[C@H]3C[C@H](O)[C@]12C,REP.A014_HA1E_24H:P01,C1CCC2C(C1)CCC1C3CCCC3CCC21,val
FAMCICLOVIR,1,less,CC(=O)OCC(CCn1cnc2cnc(N)nc21)COC(C)=O,REP.A019_HA1E_24H:B19,c1ncc2nc[nH]c2n1,train
PROCHLORPERAZINE MALEATE,1,less,CN1CCN(CCCN2c3ccccc3Sc3ccc(Cl)cc32)CC1,REP.A004_HA1E_24H:C01,c1ccc2c(c1)Sc1ccccc1N2CCCN1CCNCC1,test
Benfluorex,1,most,CC(Cc1cccc(C(F)(F)F)c1)NCCOC(=O)c1ccccc1,REP.A006_HA1E_24H:L07,O=C(OCCNCCc1ccccc1)c1ccccc1,train
SUNITINIB MALATE,1,most,CCN(CC)CCNC(=O)c1c(C)[nH]c(/C=C2\C(=O)Nc3ccc(F)cc32)c1C,LJP007_HA1E_24H:I01,O=C1Nc2ccccc2C1=Cc1ccc[nH]1,train
etoposide phosphate,0,no,COc1cc([C@@H]2c3cc4c(cc3[C@@H](O[C@@H]3O[C@@H]5CO[C@@H](C)O[C@H]5[C@H](O)[C@H]3O)[C@H]3COC(=O)[C@H]23)OCO4)cc(OC)c1OP(=O)(O)O,LPROT002_A375_6H:D01,O=C1OCC2C(OC3CCC4OCOCC4O3)c3cc4c(cc3C(c3ccccc3)C12)OCO4,train
DROSPIRENONE,0,no,C[C@]12CCC(=O)C=C1[C@@H]1C[C@@H]1[C@H]1[C@@H]3[C@@H]4C[C@@H]4[C@@]4(CCC(=O)O4)[C@@]3(C)CC[C@@H]12,REP.A012_HA1E_24H:E07,O=C1C=C2C(CC1)C1CCC3C(C4CC4C34CCC(=O)O4)C1C1CC21,train
FELBAMATE,1,less,NC(=O)OCC(COC(N)=O)c1ccccc1,REP.A008_HA1E_24H:B07,c1ccccc1,train
PIOGLITAZONE HYDROCHLORIDE,1,most,CCc1ccc(CCOc2ccc(CC3SC(=O)NC3=O)cc2)nc1,REP.A017_HA1E_24H:D13,O=C1NC(=O)C(Cc2ccc(OCCc3ccccn3)cc2)S1,test
Clindamycin Phosphate,1,less,CCC[C@@H]1C[C@@H](C(=O)N[C@@H]([C@H]2O[C@H](SC)[C@H](OP(=O)(O)O)[C@@H](O)[C@H]2O)[C@H](C)Cl)N(C)C1,REP.A016_HA1E_24H:F01,O=C(NCC1CCCCO1)C1CCCN1,train
ANAGRELIDE HYDROCHLORIDE ANHYDROUS,1,most,O=C1CN2Cc3c(ccc(Cl)c3Cl)N=C2N1,REP.A018_HA1E_24H:B13,O=C1CN2Cc3ccccc3N=C2N1,val
ENTECAVIR ANHYDROUS,0,no,C=C1[C@H](CO)[C@@H](O)C[C@@H]1n1cnc2c(=O)[nH]c(N)nc21,REP.A005_HA1E_24H:C01,C=C1CCCC1n1cnc2c(=O)[nH]cnc21,test
ESOMEPRAZOLE MAGNESIUM DIHYDRATE,1,less,COc1ccc2[nH]c([S@@+]([O-])Cc3ncc(C)c(OC)c3C)nc2c1,REP.A014_HA1E_24H:B07,c1ccc(C[SH+]c2nc3ccccc3[nH]2)nc1,test
RIZATRIPTAN BENZOATE,1,most,CN(C)CCc1c[nH]c2ccc(Cn3cncn3)cc12,REP.A024_HA1E_24H:G01,c1ncn(Cc2ccc3[nH]ccc3c2)n1,train
URSODIOL,0,no,C[C@H](CCC(=O)O)[C@H]1CC[C@H]2[C@@H]3[C@@H](O)C[C@@H]4C[C@H](O)CC[C@]4(C)[C@H]3CC[C@]12C,REP.A026_HA1E_24H:A07,C1CCC2C(C1)CCC1C3CCCC3CCC21,train
AMOXAPINE,1,less,Clc1ccc2c(c1)C(N1CCNCC1)=Nc1ccccc1O2,REP.A012_HA1E_24H:I14,c1ccc2c(c1)N=C(N1CCNCC1)c1ccccc1O2,train
pitavastatin calcium,0,no,O=C([O-])C[C@H](O)C[C@H](O)/C=C/c1c(C2CC2)nc2ccccc2c1-c1ccc(F)cc1,REP.A022_HA1E_24H:A13,c1ccc(-c2cc(C3CC3)nc3ccccc23)cc1,train
CIMETIDINE HYDROCHLORIDE,1,less,CN/C(=N\CCSCc1nc[nH]c1C)NC#N,REP.A009_HA1E_24H:O13,c1c[nH]cn1,val
ESCITALOPRAM OXALATE,1,less,CN(C)CCC[C@@]1(c2ccc(F)cc2)OCc2cc(C#N)ccc21,REP.A017_HA1E_24H:C13,c1ccc(C2OCc3ccccc32)cc1,train
REGADENOSON,1,most,CNC(=O)c1cnn(-c2nc(N)c3ncn([C@@H]4O[C@H](CO)[C@@H](O)[C@H]4O)c3n2)c1,REP.A024_HA1E_24H:M01,c1cnn(-c2ncc3ncn(C4CCCO4)c3n2)c1,train
THEOPHYLLINE,1,less,Cn1c(=O)c2nc[nH]c2n(C)c1=O,REP.A025_HA1E_24H:B13,O=c1[nH]c(=O)c2nc[nH]c2[nH]1,test
UMECLIDINIUM BROMIDE,1,less,OC(c1ccccc1)(c1ccccc1)C12CC[N+](CCOCc3ccccc3)(CC1)CC2,REP.A019_HA1E_24H:F19,c1ccc(COCC[N+]23CCC(C(c4ccccc4)c4ccccc4)(CC2)CC3)cc1,val
ACETAZOLAMIDE,0,no,CC(=O)Nc1nnc(S(N)(=O)=O)s1,REP.A013_HA1E_24H:M19,c1nncs1,train
LACTITOL,1,less,OC[C@@H](O)[C@@H](O[C@@H]1O[C@H](CO)[C@H](O)[C@H](O)[C@H]1O)[C@H](O)[C@@H](O)CO,REP.A003_HA1E_24H:K13,C1CCOCC1,train
ATOMOXETINE HYDROCHLORIDE,1,most,CNCC[C@@H](Oc1ccccc1C)c1ccccc1,REP.A004_HA1E_24H:E07,c1ccc(COc2ccccc2)cc1,val
ROSIGLITAZONE MALEATE,1,most,CN(CCOc1ccc(CC2SC(=O)NC2=O)cc1)c1ccccn1,REP.A028_HA1E_24H:P07,O=C1NC(=O)C(Cc2ccc(OCCNc3ccccn3)cc2)S1,train
INDAPAMIDE,1,less,CC1Cc2ccccc2N1NC(=O)c1ccc(Cl)c(S(N)(=O)=O)c1,REP.A027_HA1E_24H:G01,O=C(NN1CCc2ccccc21)c1ccccc1,train
VORICONAZOLE,1,most,C[C@@H](c1ncncc1F)[C@](O)(Cn1cncn1)c1ccc(F)cc1F,REP.A011_HA1E_24H:J07,c1ccc(C(Cc2ccncn2)Cn2cncn2)cc1,train
RIOCIGUAT,1,less,COC(=O)N(C)c1c(N)nc(-c2nn(Cc3ccccc3F)c3ncccc23)nc1N,REP.A021_HA1E_24H:L07,c1ccc(Cn2nc(-c3ncccn3)c3cccnc32)cc1,test
PROPAFENONE,1,most,CCCNCC(O)COc1ccccc1C(=O)CCc1ccccc1,REP.A001_HA1E_24H:D19,O=C(CCc1ccccc1)c1ccccc1,train
TIPRANAVIR,0,no,CCC[C@@]1(CCc2ccccc2)CC(O)=C([C@H](CC)c2cccc(NS(=O)(=O)c3ccc(C(F)(F)F)cn3)c2)C(=O)O1,REP.A005_HA1E_24H:K01,O=C1OC(CCc2ccccc2)CC=C1Cc1cccc(NS(=O)(=O)c2ccccn2)c1,train
PITAVASTATIN,0,no,O=C(O)C[C@H](O)C[C@H](O)/C=C/c1c(C2CC2)nc2ccccc2c1-c1ccc(F)cc1,REP.A022_HA1E_24H:A13,c1ccc(-c2cc(C3CC3)nc3ccccc23)cc1,train
canagliflozin,0,no,Cc1ccc([C@@H]2O[C@H](CO)[C@@H](O)[C@H](O)[C@H]2O)cc1Cc1ccc(-c2ccc(F)cc2)s1,REP.A027_HA1E_24H:M07,c1ccc(-c2ccc(Cc3cccc(C4CCCCO4)c3)s2)cc1,train
ISOSORBIDE MONONITRATE,1,less,O=[N+]([O-])O[C@@H]1CO[C@H]2[C@@H]1OC[C@@H]2O,REP.A021_HA1E_24H:F01,C1CC2OCCC2O1,train
macitentan,1,less,CCCNS(=O)(=O)Nc1ncnc(OCCOc2ncc(Br)cn2)c1-c1ccc(Br)cc1,REP.A020_HA1E_24H:P01,c1ccc(-c2cncnc2OCCOc2ncccn2)cc1,train
METHYLDOPA,1,less,C[C@](N)(Cc1ccc(O)c(O)c1)C(=O)O,REP.A020_HA1E_24H:M19,c1ccccc1,train
ZALEPLON,1,less,CCN(C(C)=O)c1cccc(-c2ccnc3c(C#N)cnn23)c1,REP.A027_HA1E_24H:B13,c1ccc(-c2ccnc3ccnn23)cc1,train
FOSFOMYCIN TROMETHAMINE,0,no,C[C@@H]1O[C@@H]1P(=O)(O)O,REP.A019_HA1E_24H:I19,C1CO1,train
GEFITINIB,0,no,COc1cc2ncnc(Nc3ccc(F)c(Cl)c3)c2cc1OCCCN1CCOCC1,LJP006_HA1E_24H:N07,c1ccc(Nc2ncnc3ccc(OCCCN4CCOCC4)cc23)cc1,val
NERATINIB MALEATE,0,no,CCOc1cc2ncc(C#N)c(Nc3ccc(OCc4ccccn4)c(Cl)c3)c2cc1NC(=O)/C=C/CN(C)C,LJP005_HA1E_24H:A13,c1ccc(COc2ccc(Nc3ccnc4ccccc34)cc2)nc1,train
COBIMETINIB FUMARATE,1,most,O=C(c1ccc(F)c(F)c1Nc1ccc(I)cc1F)N1CC(O)([C@@H]2CCCCN2)C1,REP.A012_HA1E_24H:O19,O=C(c1ccccc1Nc1ccccc1)N1CC(C2CCCCN2)C1,train
MARAVIROC,1,most,Cc1nnc(C(C)C)n1[C@H]1C[C@H]2CC[C@@H](C1)N2CC[C@H](NC(=O)C1CCC(F)(F)CC1)c1ccccc1,REP.A011_HA1E_24H:C01,O=C(NC(CCN1C2CCC1CC(n1cnnc1)C2)c1ccccc1)C1CCCCC1,train
TETRABENAZINE,1,most,COc1cc2c(cc1OC)C1CC(=O)C(CC(C)C)CN1CC2,REP.A028_HA1E_24H:J19,O=C1CCN2CCc3ccccc3C2C1,test
PROPRANOLOL HYDROCHLORIDE,1,most,CC(C)NCC(O)COc1cccc2ccccc12,REP.A005_HA1E_24H:L01,c1ccc2ccccc2c1,train
MYCOPHENOLIC ACID,1,less,COc1c(C)c2c(c(O)c1C/C=C(\C)CCC(=O)O)C(=O)OC2,REP.A028_HA1E_24H:L07,O=C1OCc2ccccc21,val
TAMOXIFEN CITRATE,1,less,CC/C(=C(\c1ccccc1)c1ccc(OCCN(C)C)cc1)c1ccccc1,REP.A028_HA1E_24H:F19,C(=C(c1ccccc1)c1ccccc1)c1ccccc1,train
ATENOLOL,1,most,CC(C)NCC(O)COc1ccc(CC(N)=O)cc1,REP.A024_HA1E_24H:B13,c1ccccc1,val
METHIMAZOLE,0,no,Cn1ccnc1S,REP.A016_HA1E_24H:J19,c1c[nH]cn1,train
VARENICLINE TARTRATE,1,less,c1cnc2cc3c(cc2n1)[C@@H]1CNC[C@H]3C1,REP.A020_HA1E_24H:I07,c1cnc2cc3c(cc2n1)C1CNCC3C1,train
LORCASERIN HYDROCHLORIDE HEMIHYDRATE,1,most,C[C@H]1CNCCc2ccc(Cl)cc21,REP.A016_HA1E_24H:K13,c1ccc2c(c1)CCNCC2,val
VENLAFAXINE,1,less,COc1ccc(C(CN(C)C)C2(O)CCCCC2)cc1,REP.A016_HA1E_24H:D07,c1ccc(CC2CCCCC2)cc1,train
selinexor,1,less,O=C(/C=C\n1cnc(-c2cc(C(F)(F)F)cc(C(F)(F)F)c2)n1)NNc1cnccn1,REP.A004_HA1E_24H:E13,O=C(C=Cn1cnc(-c2ccccc2)n1)NNc1cnccn1,train
GRISEOFULVIN,0,no,COC1=CC(=O)C[C@@H](C)[C@]12Oc1c(Cl)c(OC)cc(OC)c1C2=O,REP.A010_HA1E_24H:C01,O=C1C=CC2(CC1)Oc1ccccc1C2=O,test
OSIMERTINIB,1,most,C=CC(=O)Nc1cc(Nc2nccc(-c3cn(C)c4ccccc34)n2)c(OC)cc1N(C)CCN(C)C,LJP007_HA1E_24H:N13,c1ccc(Nc2nccc(-c3c[nH]c4ccccc34)n2)cc1,train
LEVOTHYROXINE,1,less,N[C@@H](Cc1cc(I)c(Oc2cc(I)c(O)c(I)c2)c(I)c1)C(=O)O,REP.A009_HA1E_24H:H01,c1ccc(Oc2ccccc2)cc1,train
ANASTROZOLE,1,less,CC(C)(C#N)c1cc(Cn2cncn2)cc(C(C)(C)C#N)c1,REP.A007_HA1E_24H:I01,c1ccc(Cn2cncn2)cc1,train
FLUVOXAMINE MALEATE,1,less,COCCCC/C(=N\OCCN)c1ccc(C(F)(F)F)cc1,REP.A016_HA1E_24H:H13,c1ccccc1,train
FUROSEMIDE,1,less,NS(=O)(=O)c1cc(C(=O)O)c(NCc2ccco2)cc1Cl,REP.A024_HA1E_24H:K13,c1ccc(NCc2ccco2)cc1,test
WARFARIN SODIUM,0,no,CC(=O)CC(c1ccccc1)c1c([O-])c2ccccc2oc1=O,REP.A006_HA1E_24H:P13,O=c1oc2ccccc2cc1Cc1ccccc1,test
SUMATRIPTAN SUCCINATE,1,most,CNS(=O)(=O)Cc1ccc2[nH]cc(CCN(C)C)c2c1,REP.A017_HA1E_24H:A19,c1ccc2[nH]ccc2c1,train
METFORMIN HYDROCHLORIDE,1,most,CN(C)C(=N)NC(=N)N,REP.A024_HA1E_24H:P13,generic_linear,train
AMLODIPINE BESYLATE,1,most,CCOC(=O)C1=C(COCCN)NC(C)=C(C(=O)OC)C1c1ccccc1Cl,REP.A004_HA1E_24H:H07,C1=CC(c2ccccc2)C=CN1,train
KETOCONAZOLE,1,most,CC(=O)N1CCN(c2ccc(OCC3COC(Cn4ccnc4)(c4ccc(Cl)cc4Cl)O3)cc2)CC1,REP.A014_HA1E_24H:L19,c1ccc(C2(Cn3ccnc3)OCC(COc3ccc(N4CCNCC4)cc3)O2)cc1,train
Tizanidine,1,less,Clc1ccc2nsnc2c1NC1=NCCN1,REP.A011_HA1E_24H:J01,c1cc(NC2=NCCN2)c2nsnc2c1,train
FLUCONAZOLE,1,most,OC(Cn1cncn1)(Cn1cncn1)c1ccc(F)cc1F,REP.A011_HA1E_24H:G19,c1ccc(C(Cn2cncn2)Cn2cncn2)cc1,train
DIMETHYL FUMARATE,0,no,COC(=O)/C=C/C(=O)OC,REP.A003_HA1E_24H:A08,generic_linear,train
LOFEXIDINE HYDROCHLORIDE,1,most,CC(Oc1c(Cl)cccc1Cl)C1=NCCN1,REP.A012_HA1E_24H:M07,c1ccc(OCC2=NCCN2)cc1,train
TRIMETHOPRIM,0,no,COc1cc(Cc2cnc(N)nc2N)cc(OC)c1OC,REP.A011_HA1E_24H:M01,c1ccc(Cc2cncnc2)cc1,train
ABIRATERONE ACETATE,1,less,CC(=O)O[C@H]1CC[C@@]2(C)C(=CC[C@@H]3[C@@H]2CC[C@]2(C)C(c4cccnc4)=CC[C@@H]32)C1,REP.A002_HA1E_24H:C13,C1=C2CCCCC2C2CCC3C(c4cccnc4)=CCC3C2C1,train
RAMELTEON,0,no,CCC(=O)NCC[C@@H]1CCc2ccc3c(c21)CCO3,REP.A001_HA1E_24H:I19,c1cc2c(c3c1CCC3)CCO2,train
MIRTAZAPINE,1,most,CN1CCN2c3ncccc3Cc3ccccc3C2C1,REP.A017_HA1E_24H:I13,c1ccc2c(c1)Cc1cccnc1N1CCNCC21,train
FOSINOPRIL SODIUM,1,less,CCC(=O)O[C@@H](O[P@](=O)(CCCCc1ccccc1)CC(=O)N1C[C@H](C2CCCCC2)C[C@H]1C(=O)[O-])C(C)C,REP.A007_HA1E_24H:H07,O=C(C[PH](=O)CCCCc1ccccc1)N1CCC(C2CCCCC2)C1,train
baricitinib,1,most,CCS(=O)(=O)N1CC(CC#N)(n2cc(-c3ncnc4[nH]ccc34)cn2)C1,REP.A007_HA1E_24H:J19,c1nc(-c2cnn(C3CNC3)c2)c2cc[nH]c2n1,train
METHOCARBAMOL,1,less,COc1ccccc1OCC(O)COC(N)=O,REP.A003_HA1E_24H:C01,c1ccccc1,test
TERIFLUNOMIDE,1,less,C/C(O)=C(\C#N)C(=O)Nc1ccc(C(F)(F)F)cc1,REP.A007_HA1E_24H:B07,c1ccccc1,train
DILTIAZEM HYDROCHLORIDE,1,most,COc1ccc([C@@H]2Sc3ccccc3N(CCN(C)C)C(=O)[C@@H]2OC(C)=O)cc1,REP.A022_HA1E_24H:F13,O=C1CC(c2ccccc2)Sc2ccccc2N1,train
ASENAPINE MALEATE,1,most,CN1CC2c3ccccc3Oc3ccc(Cl)cc3C2C1,REP.A028_HA1E_24H:I13,c1ccc2c(c1)Oc1ccccc1C1CNCC21,test
CARIPRAZINE,1,less,CN(C)C(=O)N[C@H]1CC[C@H](CCN2CCN(c3cccc(Cl)c3Cl)CC2)CC1,REP.A014_HA1E_24H:J19,c1ccc(N2CCN(CCC3CCCCC3)CC2)cc1,test
CILOSTAZOL,1,most,O=C1CCc2cc(OCCCCc3nnnn3C3CCCCC3)ccc2N1,REP.A017_HA1E_24H:L13,O=C1CCc2cc(OCCCCc3nnnn3C3CCCCC3)ccc2N1,train
DESVENLAFAXINE,1,less,CN(C)CC(c1ccc(O)cc1)C1(O)CCCCC1,REP.A026_HA1E_24H:N01,c1ccc(CC2CCCCC2)cc1,test
TRANYLCYPROMINE SULFATE,1,less,N[C@@H]1C[C@H]1c1ccccc1,LJP008_HA1E_24H:N07,c1ccc(C2CC2)cc1,train
DIVALPROEX SODIUM,1,less,CCCC(CCC)C(=O)O,REP.A013_HA1E_24H:I07,generic_linear,train
PRAZOSIN HYDROCHLORIDE,1,less,COc1cc2nc(N3CCN(C(=O)c4ccco4)CC3)nc(N)c2cc1OC,REP.A017_HA1E_24H:D19,O=C(c1ccco1)N1CCN(c2ncc3ccccc3n2)CC1,test
DOLUTEGRAVIR SODIUM,0,no,C[C@@H]1CCO[C@H]2Cn3cc(C(=O)NCc4ccc(F)cc4F)c(=O)c([O-])c3C(=O)N12,REP.A003_HA1E_24H:P07,O=C(NCc1ccccc1)c1cn2c(cc1=O)C(=O)N1CCCOC1C2,train
FEDRATINIB HYDROCHLORIDE,1,most,Cc1cnc(Nc2ccc(OCCN3CCCC3)cc2)nc1Nc1cccc(S(=O)(=O)NC(C)(C)C)c1,LJP005_HA1E_24H:L02,c1ccc(Nc2ccnc(Nc3ccc(OCCN4CCCC4)cc3)n2)cc1,train
FOSTAMATINIB,1,most,COc1cc(Nc2ncc(F)c(Nc3ccc4c(n3)N(COP(=O)(O)O)C(=O)C(C)(C)O4)n2)cc(OC)c1OC,LJP006_HA1E_24H:C13,O=C1COc2ccc(Nc3ccnc(Nc4ccccc4)n3)nc2N1,train
CHLOROQUINE PHOSPHATE,1,most,CCN(CC)CCCC(C)Nc1ccnc2cc(Cl)ccc12,REP.A026_HA1E_24H:L01,c1ccc2ncccc2c1,train
brexpiprazole,1,less,O=c1ccc2ccc(OCCCCN3CCN(c4cccc5sccc45)CC3)cc2[nH]1,REP.A012_HA1E_24H:F01,O=c1ccc2ccc(OCCCCN3CCN(c4cccc5sccc45)CC3)cc2[nH]1,val
ZIDOVUDINE,1,less,Cc1cn([C@H]2C[C@H](N=[N+]=[N-])[C@@H](CO)O2)c(=O)[nH]c1=O,REP.A009_HA1E_24H:M19,O=c1ccn(C2CCCO2)c(=O)[nH]1,val
RABEPRAZOLE SODIUM,0,no,COCCCOc1ccnc(C[S+]([O-])c2nc3ccccc3[n-]2)c1C,REP.A014_HA1E_24H:M13,c1ccc(C[SH+]c2nc3ccccc3[n-]2)nc1,train
HALOPERIDOL,1,most,O=C(CCCN1CCC(O)(c2ccc(Cl)cc2)CC1)c1ccc(F)cc1,REP.A017_HA1E_24H:N07,O=C(CCCN1CCC(c2ccccc2)CC1)c1ccccc1,test
SECNIDAZOLE,0,no,Cc1ncc([N+](=O)[O-])n1CC(C)O,REP.A023_HA1E_24H:H13,c1c[nH]cn1,train
Dexfenfluramine,1,most,CCN[C@@H](C)Cc1cccc(C(F)(F)F)c1,REP.A015_HA1E_24H:I07,c1ccccc1,train
DISULFIRAM,0,no,CCN(CC)C(=S)SSC(=S)N(CC)CC,REP.A003_HA1E_24H:E19,generic_linear,val
TOLVAPTAN,1,less,Cc1ccccc1C(=O)Nc1ccc(C(=O)N2CCCC(O)c3cc(Cl)ccc32)c(C)c1,REP.A022_HA1E_24H:P07,O=C(Nc1ccc(C(=O)N2CCCCc3ccccc32)cc1)c1ccccc1,train
PRAVASTATIN SODIUM,1,less,CC[C@H](C)C(=O)O[C@H]1C[C@H](O)C=C2C=C[C@H](C)[C@H](CC[C@@H](O)C[C@@H](O)CC(=O)[O-])[C@H]21,REP.A009_HA1E_24H:J19,C1=CC2=CCCCC2CC1,train
OLAPARIB,0,no,O=C(c1cc(Cc2n[nH]c(=O)c3ccccc23)ccc1F)N1CCN(C(=O)C2CC2)CC1,LJP008_HA1E_24H:D01,O=C(c1cccc(Cc2n[nH]c(=O)c3ccccc23)c1)N1CCN(C(=O)C2CC2)CC1,train
CAPECITABINE,1,most,CCCCCOC(=O)Nc1nc(=O)n([C@@H]2O[C@H](C)[C@@H](O)[C@H]2O)cc1F,REP.A026_HA1E_24H:K13,O=c1ncccn1C1CCCO1,train
ITRACONAZOLE,1,less,CCC(C)n1ncn(-c2ccc(N3CCN(c4ccc(OCC5COC(Cn6cncn6)(c6ccc(Cl)cc6Cl)O5)cc4)CC3)cc2)c1=O,REP.A006_HA1E_24H:N07,O=c1[nH]ncn1-c1ccc(N2CCN(c3ccc(OCC4COC(Cn5cncn5)(c5ccccc5)O4)cc3)CC2)cc1,train
DEUTETRABENAZINE,1,most,[2H]C([2H])([2H])Oc1cc2c(cc1OC([2H])([2H])[2H])C1CC(=O)C(CC(C)C)CN1CC2,REP.A028_HA1E_24H:J19,O=C1CCN2CCc3ccccc3C2C1,train
TRIFLUOPERAZINE HYDROCHLORIDE,1,less,CN1CCN(CCCN2c3ccccc3Sc3ccc(C(F)(F)F)cc32)CC1,REP.A007_HA1E_24H:M07,c1ccc2c(c1)Sc1ccccc1N2CCCN1CCNCC1,train
IFOSFAMIDE,1,most,O=P1(NCCCl)OCCCN1CCCl,REP.A018_HA1E_24H:P01,O=[PH]1NCCCO1,train
BUPROPION HYDROBROMIDE,1,less,CC(NC(C)(C)C)C(=O)c1cccc(Cl)c1,REP.A011_HA1E_24H:F01,c1ccccc1,train
NEOSTIGMINE METHYLSULFATE,1,less,CN(C)C(=O)Oc1cccc([N+](C)(C)C)c1,REP.A006_HA1E_24H:A13,c1ccccc1,train
LAMOTRIGINE,1,less,Nc1nnc(-c2cccc(Cl)c2Cl)c(N)n1,REP.A028_HA1E_24H:E07,c1ccc(-c2cncnn2)cc1,train
INDOMETHACIN SODIUM,1,less,COc1ccc2c(c1)c(CC(=O)[O-])c(C)n2C(=O)c1ccc(Cl)cc1,REP.A014_HA1E_24H:D07,O=C(c1ccccc1)n1ccc2ccccc21,test
suvorexant,1,less,Cc1ccc(-n2nccn2)c(C(=O)N2CCN(c3nc4cc(Cl)ccc4o3)CC[C@H]2C)c1,REP.A028_HA1E_24H:H13,O=C(c1ccccc1-n1nccn1)N1CCCN(c2nc3ccccc3o2)CC1,train
NEVIRAPINE,0,no,Cc1ccnc2c1NC(=O)c1cccnc1N2C1CC1,REP.A002_HA1E_24H:A07,O=C1Nc2cccnc2N(C2CC2)c2ncccc21,train
CITALOPRAM,1,less,CN(C)CCCC1(c2ccc(F)cc2)OCc2cc(C#N)ccc21,REP.A017_HA1E_24H:C13,c1ccc(C2OCc3ccccc32)cc1,train
LAPATINIB DITOSYLATE,1,most,CS(=O)(=O)CCNCc1ccc(-c2ccc3ncnc(Nc4ccc(OCc5cccc(F)c5)c(Cl)c4)c3c2)o1,LJP006_HA1E_24H:M19,c1ccc(COc2ccc(Nc3ncnc4ccc(-c5ccco5)cc34)cc2)cc1,train
DROPERIDOL,1,most,O=C(CCCN1CC=C(n2c(=O)[nH]c3ccccc32)CC1)c1ccc(F)cc1,REP.A027_HA1E_24H:J01,O=C(CCCN1CC=C(n2c(=O)[nH]c3ccccc32)CC1)c1ccccc1,train
TEMSIROLIMUS,1,less,CO[C@H]1C[C@@H]2CC[C@@H](C)[C@@](O)(O2)C(=O)C(=O)N2CCCC[C@H]2C(=O)O[C@H]([C@H](C)C[C@@H]2CC[C@@H](OC(=O)C(C)(CO)CO)[C@H](OC)C2)CC(=O)[C@H](C)/C=C(\C)[C@@H](O)[C@@H](OC)C(=O)[C@H](C)C[C@H](C)/C=C/C=C/C=C/1C,REP.A007_HA1E_24H:A19,O=C1CCC=CCC(=O)CC(CCC2CCCCC2)OC(=O)C2CCCCN2C(=O)C(=O)C2CCCC(CCC=CC=CC=CCCC1)O2,train
IBUTILIDE FUMARATE,1,most,CCCCCCCN(CC)CCCC(O)c1ccc(NS(C)(=O)=O)cc1,REP.A025_HA1E_24H:H19,c1ccccc1,train
cabozantinib s-malate,1,less,COc1cc2nccc(Oc3ccc(NC(=O)C4(C(=O)Nc5ccc(F)cc5)CC4)cc3)c2cc1OC,LJP007_HA1E_24H:D07,O=C(Nc1ccccc1)C1(C(=O)Nc2ccc(Oc3ccnc4ccccc34)cc2)CC1,train
PAROXETINE MESYLATE,1,less,Fc1ccc([C@@H]2CCNC[C@H]2COc2ccc3c(c2)OCO3)cc1,REP.A013_HA1E_24H:D13,c1ccc(C2CCNCC2COc2ccc3c(c2)OCO3)cc1,test
PRIMIDONE,0,no,CCC1(c2ccccc2)C(=O)NCNC1=O,REP.A003_HA1E_24H:E01,O=C1NCNC(=O)C1c1ccccc1,train
RANITIDINE,1,less,CNC(=C[N+](=O)[O-])NCCSCc1ccc(CN(C)C)o1,REP.A023_HA1E_24H:I07,c1ccoc1,train
darunavir ethanolate,0,no,CC(C)CN(C[C@@H](O)[C@H](Cc1ccccc1)NC(=O)O[C@H]1CO[C@H]2OCC[C@H]21)S(=O)(=O)c1ccc(N)cc1,REP.A020_HA1E_24H:D13,O=C(NC(CCNS(=O)(=O)c1ccccc1)Cc1ccccc1)OC1COC2OCCC12,val
CYPROHEPTADINE,1,less,CN1CCC(=C2c3ccccc3C=Cc3ccccc32)CC1,REP.A001_HA1E_24H:H13,C1=Cc2ccccc2C(=C2CCNCC2)c2ccccc21,train
VALRUBICIN,0,no,CCCCC(=O)OCC(=O)[C@]1(O)Cc2c(O)c3c(c(O)c2[C@@H](O[C@H]2C[C@H](NC(=O)C(F)(F)F)[C@H](O)[C@H](C)O2)C1)C(=O)c1c(OC)cccc1C3=O,REP.A023_HA1E_24H:O13,O=C1c2ccccc2C(=O)c2cc3c(cc21)CCCC3OC1CCCCO1,val
IBUPROFEN LYSINE,1,less,CC(C)Cc1ccc(C(C)C(=O)O)cc1,REP.A002_HA1E_24H:L13,c1ccccc1,test
LORCASERIN HYDROCHLORIDE ANHYDROUS,1,most,C[C@H]1CNCCc2ccc(Cl)cc21,REP.A016_HA1E_24H:K13,c1ccc2c(c1)CCNCC2,train
SULFASALAZINE,1,less,O=C(O)c1cc(/N=N/c2ccc(S(=O)(=O)Nc3ccccn3)cc2)ccc1O,REP.A005_HA1E_24H:L07,O=S(=O)(Nc1ccccn1)c1ccc(N=Nc2ccccc2)cc1,train
QUINIDINE SULFATE,1,most,C=C[C@H]1CN2CC[C@H]1C[C@@H]2[C@@H](O)c1ccnc2ccc(OC)cc12,REP.A015_HA1E_24H:M01,c1ccc2c(CC3CC4CCN3CC4)ccnc2c1,train
TRIMIPRAMINE MALEATE,1,less,CC(CN(C)C)CN1c2ccccc2CCc2ccccc21,REP.A004_HA1E_24H:A19,c1ccc2c(c1)CCc1ccccc1N2,train
DARIFENACIN,1,less,NC(=O)C(c1ccccc1)(c1ccccc1)[C@@H]1CCN(CCc2ccc3c(c2)CCO3)C1,REP.A027_HA1E_24H:F19,c1ccc(C(c2ccccc2)C2CCN(CCc3ccc4c(c3)CCO4)C2)cc1,train
Phentermine,1,most,CC(C)(N)Cc1ccccc1,REP.A027_HA1E_24H:G07,c1ccccc1,train
LEVOTHYROXINE SODIUM ANHYDROUS,1,most,N[C@@H](Cc1cc(I)c(Oc2cc(I)c(O)c(I)c2)c(I)c1)C(=O)[O-],REP.A009_HA1E_24H:H01,c1ccc(Oc2ccccc2)cc1,test
CARISOPRODOL,1,less,CCCC(C)(COC(N)=O)COC(=O)NC(C)C,REP.A026_HA1E_24H:N19,generic_linear,train
AMINOSALICYLIC ACID,1,less,Nc1ccc(C(=O)O)c(O)c1,REP.A021_HA1E_24H:B07,c1ccccc1,val
CRIZOTINIB,1,most,C[C@@H](Oc1cc(-c2cnn(C3CCNCC3)c2)cnc1N)c1c(Cl)ccc(F)c1Cl,LJP005_HA1E_24H:A19,c1ccc(COc2cncc(-c3cnn(C4CCNCC4)c3)c2)cc1,test
BICALUTAMIDE,1,less,CC(O)(CS(=O)(=O)c1ccc(F)cc1)C(=O)Nc1ccc(C#N)c(C(F)(F)F)c1,REP.A009_HA1E_24H:E01,O=C(CCS(=O)(=O)c1ccccc1)Nc1ccccc1,train
TELMISARTAN,1,less,CCCc1nc2c(C)cc(-c3nc4ccccc4n3C)cc2n1Cc1ccc(-c2ccccc2C(=O)O)cc1,REP.A025_HA1E_24H:H13,c1ccc(-c2ccc(Cn3cnc4ccc(-c5nc6ccccc6[nH]5)cc43)cc2)cc1,train
TRIENTINE HYDROCHLORIDE,0,no,NCCNCCNCCN,REP.A007_HA1E_24H:E01,generic_linear,train
TRAMADOL HYDROCHLORIDE,1,less,COc1cccc(C2(O)CCCCC2CN(C)C)c1,REP.A007_HA1E_24H:P13,c1ccc(C2CCCCC2)cc1,val
HYDROXYUREA,0,no,NC(=O)NO,REP.A016_HA1E_24H:C13,generic_linear,train
SILDENAFIL,1,less,CCCc1nn(C)c2c(=O)[nH]c(-c3cc(S(=O)(=O)N4CCN(C)CC4)ccc3OCC)nc12,REP.A024_HA1E_24H:O19,O=c1[nH]c(-c2cccc(S(=O)(=O)N3CCNCC3)c2)nc2cn[nH]c12,train
TRIPTORELIN PAMOATE,1,most,CC(C)C[C@H](NC(=O)[C@@H](Cc1c[nH]c2ccccc12)NC(=O)[C@H](Cc1ccc(O)cc1)NC(=O)[C@H](CO)NC(=O)[C@H](Cc1c[nH]c2ccccc12)NC(=O)[C@H](Cc1c[nH]cn1)NC(=O)[C@@H]1CCC(=O)N1)C(=O)N[C@@H](CCCNC(=N)N)C(=O)N1CCC[C@H]1C(=O)NCC(N)=O,REP.A018_HA1E_24H:C13,O=C(CNC(=O)C(Cc1c[nH]c2ccccc12)NC(=O)C(Cc1ccccc1)NC(=O)CNC(=O)C(Cc1c[nH]c2ccccc12)NC(=O)C(Cc1c[nH]cn1)NC(=O)C1CCC(=O)N1)NCC(=O)N1CCCC1,train
ACYCLOVIR,0,no,Nc1nc2c(ncn2COCCO)c(=O)[nH]1,REP.A008_HA1E_24H:E01,O=c1[nH]cnc2[nH]cnc12,train
CLOMIPHENE CITRATE,1,less,CCN(CC)CCOc1ccc(C(=C(Cl)c2ccccc2)c2ccccc2)cc1,REP.A009_HA1E_24H:E19,C(=C(c1ccccc1)c1ccccc1)c1ccccc1,train
SAFINAMIDE MESYLATE,1,less,C[C@H](NCc1ccc(OCc2cccc(F)c2)cc1)C(N)=O,REP.A028_HA1E_24H:B19,c1ccc(COc2ccccc2)cc1,train
LEVOKETOCONAZOLE,1,most,CC(=O)N1CCN(c2ccc(OC[C@@H]3CO[C@@](Cn4ccnc4)(c4ccc(Cl)cc4Cl)O3)cc2)CC1,REP.A014_HA1E_24H:L19,c1ccc(C2(Cn3ccnc3)OCC(COc3ccc(N4CCNCC4)cc3)O2)cc1,val
PYRAZINAMIDE,0,no,NC(=O)c1cnccn1,REP.A001_HA1E_24H:J07,c1cnccn1,test
RALTEGRAVIR POTASSIUM,0,no,Cc1nnc(C(=O)NC(C)(C)c2nc(C(=O)NCc3ccc(F)cc3)c([O-])c(=O)n2C)o1,REP.A012_HA1E_24H:N19,O=C(NCc1ccccc1)c1cc(=O)[nH]c(CNC(=O)c2nnco2)n1,test
DIETHYLPROPION HYDROCHLORIDE,1,most,CCN(CC)C(C)C(=O)c1ccccc1,REP.A007_HA1E_24H:F01,c1ccccc1,train
AVANAFIL,1,less,COc1ccc(CNc2nc(N3CCC[C@H]3CO)ncc2C(=O)NCc2ncccn2)cc1Cl,REP.A018_HA1E_24H:L13,O=C(NCc1ncccn1)c1cnc(N2CCCC2)nc1NCc1ccccc1,train
saxagliptin hydrochloride,1,most,N#C[C@@H]1C[C@@H]2C[C@@H]2N1C(=O)[C@@H](N)C12CC3CC(CC(O)(C3)C1)C2,REP.A022_HA1E_24H:P13,O=C(CC12CC3CC(CC(C3)C1)C2)N1CCC2CC21,train
PENTOXIFYLLINE,1,less,CC(=O)CCCCn1c(=O)c2c(ncn2C)n(C)c1=O,REP.A015_HA1E_24H:G07,O=c1[nH]c(=O)c2[nH]cnc2[nH]1,test
AFATINIB,0,no,CN(C)C/C=C/C(=O)Nc1cc2c(Nc3ccc(F)c(Cl)c3)ncnc2cc1O[C@H]1CCOC1,REP.A018_HA1E_24H:M01,c1ccc(Nc2ncnc3cc(OC4CCOC4)ccc23)cc1,train
Aminophylline Dihydrate,1,less,Cn1c(=O)c2[nH]cnc2n(C)c1=O,REP.A025_HA1E_24H:B13,O=c1[nH]c(=O)c2[nH]cnc2[nH]1,val
IMATINIB MESYLATE,1,most,Cc1ccc(NC(=O)c2ccc(CN3CCN(C)CC3)cc2)cc1Nc1nccc(-c2cccnc2)n1,LJP006_HA1E_24H:N13,O=C(Nc1cccc(Nc2nccc(-c3cccnc3)n2)c1)c1ccc(CN2CCNCC2)cc1,train
GEMCITABINE HYDROCHLORIDE,1,less,Nc1ccn([C@@H]2O[C@H](CO)[C@@H](O)C2(F)F)c(=O)n1,REP.A010_HA1E_24H:N13,O=c1ncccn1C1CCCO1,val
conivaptan hydrochloride,1,less,Cc1nc2c([nH]1)-c1ccccc1N(C(=O)c1ccc(NC(=O)c3ccccc3-c3ccccc3)cc1)CC2,REP.A013_HA1E_24H:A13,O=C(Nc1ccc(C(=O)N2CCc3nc[nH]c3-c3ccccc32)cc1)c1ccccc1-c1ccccc1,train
LETROZOLE,1,less,N#Cc1ccc(C(c2ccc(C#N)cc2)n2cncn2)cc1,REP.A008_HA1E_24H:N13,c1ccc(C(c2ccccc2)n2cncn2)cc1,train
CLONIDINE HYDROCHLORIDE,1,less,Clc1cccc(Cl)c1NC1=NCCN1,REP.A025_HA1E_24H:B19,c1ccc(NC2=NCCN2)cc1,val
ERYTHROMYCIN STEARATE,1,most,CC[C@H]1OC(=O)[C@H](C)[C@@H](O[C@H]2C[C@@](C)(OC)[C@@H](O)[C@H](C)O2)[C@H](C)[C@@H](O[C@@H]2O[C@H](C)C[C@H](N(C)C)[C@H]2O)[C@](C)(O)C[C@@H](C)C(=O)[C@H](C)[C@@H](O)[C@]1(C)O,REP.A017_HA1E_24H:G07,O=C1CCCCOC(=O)CC(OC2CCCCO2)CC(OC2CCCCO2)CCC1,train
ESTRAMUSTINE PHOSPHATE SODIUM,1,most,C[C@]12CC[C@@H]3c4ccc(OC(=O)N(CCCl)CCCl)cc4CC[C@H]3[C@@H]1CC[C@@H]2OP(=O)([O-])[O-],REP.A012_HA1E_24H:A07,c1ccc2c(c1)CCC1C2CCC2CCCC21,val
TOFACITINIB CITRATE,1,most,C[C@@H]1CCN(C(=O)CC#N)C[C@@H]1N(C)c1ncnc2[nH]ccc12,LPROT003_A375_6H:N02,c1nc(NC2CCCNC2)c2cc[nH]c2n1,train
PRALATREXATE,1,less,C#CCC(Cc1cnc2nc(N)nc(N)c2n1)c1ccc(C(=O)N[C@@H](CCC(=O)O)C(=O)O)cc1,REP.A024_HA1E_24H:E07,c1ccc(CCc2cnc3ncncc3n2)cc1,train
ENTECAVIR,0,no,C=C1[C@H](CO)[C@@H](O)C[C@@H]1n1cnc2c(=O)[nH]c(N)nc21,REP.A005_HA1E_24H:C01,C=C1CCCC1n1cnc2c(=O)[nH]cnc21,train
ivacaftor,0,no,CC(C)(C)c1cc(C(C)(C)C)c(NC(=O)c2c[nH]c3ccccc3c2=O)cc1O,REP.A016_HA1E_24H:F19,O=C(Nc1ccccc1)c1c[nH]c2ccccc2c1=O,train
MYCOPHENOLATE SODIUM,1,less,COc1c(C)c2c(c(O)c1C/C=C(\C)CCC(=O)[O-])C(=O)OC2,REP.A028_HA1E_24H:L07,O=C1OCc2ccccc21,train
SILDENAFIL CITRATE,1,less,CCCc1nn(C)c2c(=O)[nH]c(-c3cc(S(=O)(=O)N4CCN(C)CC4)ccc3OCC)nc12,REP.A024_HA1E_24H:O19,O=c1[nH]c(-c2cccc(S(=O)(=O)N3CCNCC3)c2)nc2cn[nH]c12,test
CLINDAMYCIN HYDROCHLORIDE,0,no,CCC[C@@H]1C[C@@H](C(=O)N[C@@H]([C@H]2O[C@H](SC)[C@H](O)[C@@H](O)[C@H]2O)[C@H](C)Cl)N(C)C1,REP.A016_HA1E_24H:F01,O=C(NCC1CCCCO1)C1CCCN1,train
RILUZOLE,1,less,Nc1nc2ccc(OC(F)(F)F)cc2s1,REP.A006_HA1E_24H:H19,c1ccc2scnc2c1,train
THIOGUANINE,0,no,Nc1nc2[nH]cnc2c(=S)[nH]1,REP.A019_HA1E_24H:K19,S=c1[nH]cnc2[nH]cnc12,test
TICLOPIDINE HYDROCHLORIDE,0,no,Clc1ccccc1CN1CCc2sccc2C1,REP.A012_HA1E_24H:D07,c1ccc(CN2CCc3sccc3C2)cc1,train
ETODOLAC,1,most,CCc1cccc2c3c([nH]c12)C(CC)(CC(=O)O)OCC3,REP.A025_HA1E_24H:J01,c1ccc2c3c([nH]c2c1)COCC3,train
Venetoclax,0,no,CC1(C)CCC(CN2CCN(c3ccc(C(=O)NS(=O)(=O)c4ccc(NCC5CCOCC5)c([N+](=O)[O-])c4)c(Oc4cnc5[nH]ccc5c4)c3)CC2)=C(c2ccc(Cl)cc2)C1,REP.A017_HA1E_24H:G01,O=C(NS(=O)(=O)c1ccc(NCC2CCOCC2)cc1)c1ccc(N2CCN(CC3=C(c4ccccc4)CCCC3)CC2)cc1Oc1cnc2[nH]ccc2c1,test
GEMCITABINE,1,less,Nc1ccn([C@@H]2O[C@H](CO)[C@@H](O)C2(F)F)c(=O)n1,REP.A010_HA1E_24H:N13,O=c1ncccn1C1CCCO1,val
MOXIDECTIN,1,less,CO/N=C1\C[C@]2(C[C@@H]3C[C@@H](C/C=C(\C)C[C@@H](C)/C=C/C=C4\CO[C@@H]5[C@H](O)C(C)=C[C@@H](C(=O)O3)[C@]45O)O2)O[C@H](/C(C)=C/C(C)C)[C@H]1C,REP.A017_HA1E_24H:N14,N=C1CCOC2(C1)CC1CC(CC=CCCC=CC=C3COC4CC=CC(C(=O)O1)C34)O2,train
Aspirin,0,no,CC(=O)Oc1ccccc1C(=O)O,REP.A005_HA1E_24H:O19,c1ccccc1,train
OMACETAXINE MEPESUCCINATE,1,less,COC(=O)C[C@](O)(CCCC(C)(C)O)C(=O)O[C@@H]1C(OC)=C[C@]23CCCN2CCc2cc4c(cc2[C@H]13)OCO4,REP.A025_HA1E_24H:L07,C1=CC23CCCN2CCc2cc4c(cc2C3C1)OCO4,train
Orphenadrine Citrate,1,less,Cc1ccccc1C(OCCN(C)C)c1ccccc1,REP.A016_HA1E_24H:H19,c1ccc(Cc2ccccc2)cc1,test
ETHACRYNIC ACID,1,less,C=C(CC)C(=O)c1ccc(OCC(=O)O)c(Cl)c1Cl,REP.A017_HA1E_24H:H07,c1ccccc1,val
EFAVIRENZ,1,most,O=C1Nc2ccc(Cl)cc2[C@@](C#CC2CC2)(C(F)(F)F)O1,REP.A013_HA1E_24H:G19,O=C1Nc2ccccc2C(C#CC2CC2)O1,val
Milrinone Lactate,1,most,Cc1[nH]c(=O)c(C#N)cc1-c1ccncc1,REP.A017_HA1E_24H:O13,O=c1ccc(-c2ccncc2)c[nH]1,train
Albuterol,1,most,CC(C)(C)NCC(O)c1ccc(O)c(CO)c1,REP.A003_HA1E_24H:L07,c1ccccc1,test
Pentobarbital Sodium,1,less,CCCC(C)C1(CC)C(=O)N=C([O-])NC1=O,REP.A007_HA1E_24H:D19,O=C1CC(=O)NC=N1,train
TICAGRELOR,1,most,CCCSc1nc(N[C@@H]2C[C@H]2c2ccc(F)c(F)c2)c2nnn([C@@H]3C[C@H](OCCO)[C@@H](O)[C@H]3O)c2n1,REP.A019_HA1E_24H:A19,c1ccc(C2CC2Nc2ncnc3c2nnn3C2CCCC2)cc1,train
DEXMEDETOMIDINE HYDROCHLORIDE,1,most,Cc1cccc([C@H](C)c2c[nH]cn2)c1C,REP.A006_HA1E_24H:I07,c1ccc(Cc2c[nH]cn2)cc1,test
STAVUDINE,0,no,Cc1cn([C@H]2C=C[C@@H](CO)O2)c(=O)[nH]c1=O,REP.A027_HA1E_24H:D13,O=c1ccn(C2C=CCO2)c(=O)[nH]1,train
ponatinib hydrochloride,1,most,Cc1ccc(C(=O)Nc2ccc(CN3CCN(C)CC3)c(C(F)(F)F)c2)cc1C#Cc1cnc2cccnn12,LJP009_HA1E_24H:E20,O=C(Nc1ccc(CN2CCNCC2)cc1)c1cccc(C#Cc2cnc3cccnn23)c1,train
ONDANSETRON,1,most,Cc1nccn1CC1CCc2c(c3ccccc3n2C)C1=O,REP.A004_HA1E_24H:C13,O=C1c2c([nH]c3ccccc23)CCC1Cn1ccnc1,train
rucaparib camsylate,1,less,CNCc1ccc(-c2[nH]c3cc(F)cc4c3c2CCNC4=O)cc1,LJP008_HA1E_24H:K19,O=C1NCCc2c(-c3ccccc3)[nH]c3cccc1c23,train
ROSUVASTATIN CALCIUM,0,no,CC(C)c1nc(N(C)S(C)(=O)=O)nc(-c2ccc(F)cc2)c1/C=C/[C@@H](O)C[C@@H](O)CC(=O)[O-],REP.A021_HA1E_24H:H13,c1ccc(-c2ccncn2)cc1,val
BISOPROLOL FUMARATE,1,most,CC(C)NCC(O)COc1ccc(COCCOC(C)C)cc1,REP.A025_HA1E_24H:F13,c1ccccc1,test
Adenosine,1,most,Nc1ncnc2c1ncn2[C@@H]1O[C@H](CO)[C@@H](O)[C@H]1O,REP.A012_HA1E_24H:G01,c1ncc2ncn(C3CCCO3)c2n1,train
niacin,1,less,O=C(O)c1cccnc1,REP.A015_HA1E_24H:M19,c1ccncc1,train
SOLIFENACIN SUCCINATE,1,less,O=C(O[C@H]1CN2CCC1CC2)N1CCc2ccccc2[C@@H]1c1ccccc1,REP.A004_HA1E_24H:L01,O=C(OC1CN2CCC1CC2)N1CCc2ccccc2C1c1ccccc1,val
DICLOFENAC,1,most,O=C(O)Cc1ccccc1Nc1c(Cl)cccc1Cl,REP.A005_HA1E_24H:C07,c1ccc(Nc2ccccc2)cc1,train
DACOMITINIB,0,no,COc1cc2ncnc(Nc3ccc(F)c(Cl)c3)c2cc1NC(=O)/C=C/CN1CCCCC1,LJP007_HA1E_24H:G07,O=C(C=CCN1CCCCC1)Nc1ccc2ncnc(Nc3ccccc3)c2c1,test
ixazomib citrate,0,no,CC(C)C[C@H](NC(=O)CNC(=O)c1cc(Cl)ccc1Cl)B1OC(=O)C(CC(=O)O)(CC(=O)O)O1,REP.A024_HA1E_24H:N13,O=C(CNC(=O)c1ccccc1)NCB1OCC(=O)O1,train
ESOMEPRAZOLE MAGNESIUM,1,less,COc1ccc2[nH]c([S@@+]([O-])Cc3ncc(C)c(OC)c3C)nc2c1,REP.A014_HA1E_24H:B07,c1ccc(C[SH+]c2nc3ccccc3[nH]2)nc1,train
PIROXICAM,1,most,CN1C(C(=O)Nc2ccccn2)=C(O)c2ccccc2S1(=O)=O,REP.A014_HA1E_24H:D19,O=C(Nc1ccccn1)C1=Cc2ccccc2S(=O)(=O)N1,train
INDOMETHACIN,1,most,COc1ccc2c(c1)c(CC(=O)O)c(C)n2C(=O)c1ccc(Cl)cc1,REP.A014_HA1E_24H:D07,O=C(c1ccccc1)n1ccc2ccccc21,train
Fenfluramine,1,most,CCNC(C)Cc1cccc(C(F)(F)F)c1,REP.A015_HA1E_24H:I07,c1ccccc1,train
CARGLUMIC ACID,0,no,NC(=O)N[C@@H](CCC(=O)O)C(=O)O,REP.A015_HA1E_24H:N19,generic_linear,val
LEVONORGESTREL,0,no,C#C[C@]1(O)CC[C@H]2[C@@H]3CCC4=CC(=O)CC[C@@H]4[C@H]3CC[C@@]21CC,REP.A023_HA1E_24H:G01,O=C1C=C2CCC3C4CCCC4CCC3C2CC1,val
Lidoflazine,1,most,Cc1cccc(C)c1NC(=O)CN1CCN(CCCC(c2ccc(F)cc2)c2ccc(F)cc2)CC1,REP.A017_HA1E_24H:H01,O=C(CN1CCN(CCCC(c2ccccc2)c2ccccc2)CC1)Nc1ccccc1,train
BOSENTAN,1,less,COc1ccccc1Oc1c(NS(=O)(=O)c2ccc(C(C)(C)C)cc2)nc(-c2ncccn2)nc1OCCO,REP.A024_HA1E_24H:E01,O=S(=O)(Nc1nc(-c2ncccn2)ncc1Oc1ccccc1)c1ccccc1,val
ABACAVIR SULFATE,1,most,Nc1nc(NC2CC2)c2ncn([C@H]3C=C[C@@H](CO)C3)c2n1,REP.A028_HA1E_24H:J01,C1=CC(n2cnc3c(NC4CC4)ncnc32)CC1,val
METOPROLOL TARTRATE,1,most,COCCc1ccc(OCC(O)CNC(C)C)cc1,REP.A011_HA1E_24H:A13,c1ccccc1,train
ZONISAMIDE,1,less,NS(=O)(=O)Cc1noc2ccccc12,REP.A019_HA1E_24H:J07,c1ccc2oncc2c1,train
PARICALCITOL,1,less,C[C@H](/C=C/[C@H](C)C(C)(C)O)[C@H]1CC[C@H]2/C(=C/C=C3C[C@@H](O)C[C@H](O)C3)CCC[C@]12C,REP.A014_HA1E_24H:H19,C(C=C1CCCC2CCCC12)=C1CCCCC1,train
SELUMETINIB,1,most,Cn1cnc2c(F)c(Nc3ccc(Br)cc3Cl)c(C(=O)NOCCO)cc21,LJP006_HA1E_24H:M07,c1ccc(Nc2ccc3[nH]cnc3c2)cc1,train
AMILORIDE HYDROCHLORIDE,1,less,N=C(N)NC(=O)c1nc(Cl)c(N)nc1N,REP.A027_HA1E_24H:I07,c1cnccn1,train
ESMOLOL HYDROCHLORIDE,1,most,COC(=O)CCc1ccc(OCC(O)CNC(C)C)cc1,REP.A011_HA1E_24H:M13,c1ccccc1,val
APIXABAN,1,less,COc1ccc(-n2nc(C(N)=O)c3c2C(=O)N(c2ccc(N4CCCCC4=O)cc2)CC3)cc1,REP.A018_HA1E_24H:P07,O=C1CCCCN1c1ccc(N2CCc3cnn(-c4ccccc4)c3C2=O)cc1,train
MYCOPHENOLATE MOFETIL,1,less,COc1c(C)c2c(c(O)c1C/C=C(\C)CCC(=O)OCCN1CCOCC1)C(=O)OC2,REP.A028_HA1E_24H:A07,O=C(CCC=CCc1ccc2c(c1)C(=O)OC2)OCCN1CCOCC1,val
ENCORAFENIB,1,most,COC(=O)N[C@@H](C)CNc1nccc(-c2cn(C(C)C)nc2-c2cc(Cl)cc(NS(C)(=O)=O)c2F)n1,REP.A014_HA1E_24H:A19,c1ccc(-c2n[nH]cc2-c2ccncn2)cc1,val
PROGESTERONE,1,most,CC(=O)[C@H]1CC[C@H]2[C@@H]3CCC4=CC(=O)CC[C@]4(C)[C@H]3CC[C@]12C,REP.A018_HA1E_24H:O19,O=C1C=C2CCC3C4CCCC4CCC3C2CC1,train
RITONAVIR,1,most,CC(C)c1nc(CN(C)C(=O)N[C@H](C(=O)N[C@@H](Cc2ccccc2)C[C@H](O)[C@H](Cc2ccccc2)NC(=O)OCc2cncs2)C(C)C)cs1,REP.A007_HA1E_24H:H13,O=C(CNC(=O)NCc1cscn1)NC(CCC(Cc1ccccc1)NC(=O)OCc1cncs1)Cc1ccccc1,val
ZOLPIDEM TARTRATE,1,less,Cc1ccc(-c2nc3ccc(C)cn3c2CC(=O)N(C)C)cc1,REP.A019_HA1E_24H:A13,c1ccc(-c2cn3ccccc3n2)cc1,train
GEMIFLOXACIN MESYLATE,1,most,CO/N=C1\CN(c2nc3c(cc2F)c(=O)c(C(=O)O)cn3C2CC2)CC1CN,REP.A013_HA1E_24H:H19,N=C1CCN(c2ccc3c(=O)ccn(C4CC4)c3n2)C1,val
NICARDIPINE HYDROCHLORIDE,1,most,COC(=O)C1=C(C)NC(C)=C(C(=O)OCCN(C)Cc2ccccc2)C1c1cccc([N+](=O)[O-])c1,REP.A001_HA1E_24H:E19,O=C(OCCNCc1ccccc1)C1=CNC=CC1c1ccccc1,train
RANOLAZINE,1,most,COc1ccccc1OCC(O)CN1CCN(CC(=O)Nc2c(C)cccc2C)CC1,REP.A027_HA1E_24H:J19,O=C(CN1CCN(CCCOc2ccccc2)CC1)Nc1ccccc1,train
PENICILLIN G BENZATHINE,1,less,CC1(C)S[C@@H]2[C@H](NC(=O)Cc3ccccc3)C(=O)N2[C@H]1C(=O)O,REP.A016_HA1E_24H:L19,O=C(Cc1ccccc1)NC1C(=O)N2CCSC12,train
RIFABUTIN,1,less,CO[C@H]1/C=C/O[C@@]2(C)Oc3c(C)c(O)c4c(c3C2=O)C2=NC3(CCN(CC(C)C)CC3)NC2=C(NC(=O)/C(C)=C\C=C\[C@H](C)[C@H](O)[C@@H](C)[C@@H](O)[C@@H](C)[C@H](OC(C)=O)[C@@H]1C)C4=O,REP.A009_HA1E_24H:G01,O=C1C=CC=CCCCCCCCCC=COC2Oc3ccc4c(c3C2=O)C2=NC3(CCNCC3)NC2=C(N1)C4=O,train
CLARITHROMYCIN,1,most,CC[C@H]1OC(=O)[C@H](C)[C@@H](O[C@H]2C[C@@](C)(OC)[C@@H](O)[C@H](C)O2)[C@H](C)[C@@H](O[C@@H]2O[C@H](C)C[C@H](N(C)C)[C@H]2O)[C@](C)(OC)C[C@@H](C)C(=O)[C@H](C)[C@@H](O)[C@]1(C)O,REP.A002_HA1E_24H:H07,O=C1CCCCOC(=O)CC(OC2CCCCO2)CC(OC2CCCCO2)CCC1,test
paclitaxel,1,less,CC(=O)O[C@H]1C(=O)[C@@]2(C)[C@H]([C@H](OC(=O)c3ccccc3)[C@]3(O)C[C@H](OC(=O)[C@H](O)[C@@H](NC(=O)c4ccccc4)c4ccccc4)C(C)=C1C3(C)C)[C@]1(OC(C)=O)CO[C@@H]1C[C@@H]2O,REP.A009_HA1E_24H:H19,O=C(CC(NC(=O)c1ccccc1)c1ccccc1)OC1C=C2CC(=O)C3CCC4OCC4C3C(OC(=O)c3ccccc3)C(C2)C1,train
OXANDROLONE,0,no,C[C@]12COC(=O)C[C@@H]1CC[C@@H]1[C@@H]2CC[C@@]2(C)[C@H]1CC[C@]2(C)O,REP.A028_HA1E_24H:B13,O=C1CC2CCC3C4CCCC4CCC3C2CO1,train
FLUMAZENIL,1,most,CCOC(=O)c1ncn2c1CN(C)C(=O)c1cc(F)ccc1-2,REP.A026_HA1E_24H:M01,O=C1NCc2cncn2-c2ccccc21,train
MILTEFOSINE,0,no,CCCCCCCCCCCCCCCCOP(=O)([O-])OCC[N+](C)(C)C,REP.A003_HA1E_24H:D07,generic_linear,val
TIROFIBAN HYDROCHLORIDE,1,less,CCCCS(=O)(=O)N[C@@H](Cc1ccc(OCCCCC2CCNCC2)cc1)C(=O)O,REP.A013_HA1E_24H:C07,c1ccc(OCCCCC2CCNCC2)cc1,val
THIOTHIXENE,1,less,CN1CCN(CC/C=C2/c3ccccc3Sc3ccc(S(=O)(=O)N(C)C)cc32)CC1,REP.A027_HA1E_24H:K19,C(CCN1CCNCC1)=C1c2ccccc2Sc2ccccc21,test
TACROLIMUS,1,most,C=CC[C@@H]1/C=C(\C)C[C@H](C)C[C@H](OC)[C@H]2O[C@@](O)(C(=O)C(=O)N3CCCC[C@H]3C(=O)O[C@H](/C(C)=C/[C@@H]3CC[C@@H](O)[C@H](OC)C3)[C@H](C)[C@@H](O)CC1=O)[C@H](C)C[C@@H]2OC,LPROT002_A375_6H:P01,O=C1CC=CCCCCC2CCCC(O2)C(=O)C(=O)N2CCCCC2C(=O)OC(C=CC2CCCCC2)CCC1,train
CLOMIPRAMINE HYDROCHLORIDE,1,less,CN(C)CCCN1c2ccccc2CCc2ccc(Cl)cc21,REP.A007_HA1E_24H:I19,c1ccc2c(c1)CCc1ccccc1N2,test
FLUTAMIDE,1,less,CC(C)C(=O)Nc1ccc([N+](=O)[O-])c(C(F)(F)F)c1,REP.A009_HA1E_24H:A19,c1ccccc1,test
MEFLOQUINE HYDROCHLORIDE,1,most,OC(c1cc(C(F)(F)F)nc2c(C(F)(F)F)cccc12)C1CCCCN1,REP.A008_HA1E_24H:P13,c1ccc2c(CC3CCCCN3)ccnc2c1,train
ALBENDAZOLE,0,no,CCCSc1ccc2[nH]c(NC(=O)OC)nc2c1,REP.A025_HA1E_24H:P01,c1ccc2[nH]cnc2c1,val
trovafloxacin mesylate,1,most,N[C@@H]1[C@H]2CN(c3nc4c(cc3F)c(=O)c(C(=O)O)cn4-c3ccc(F)cc3F)C[C@@H]12,REP.A012_HA1E_24H:C01,O=c1ccn(-c2ccccc2)c2nc(N3CC4CC4C3)ccc12,test
QUININE SULFATE,1,most,C=C[C@H]1CN2CC[C@H]1C[C@H]2[C@H](O)c1ccnc2ccc(OC)cc12,REP.A026_HA1E_24H:P01,c1ccc2c(CC3CC4CCN3CC4)ccnc2c1,train
CELECOXIB,1,most,Cc1ccc(-c2cc(C(F)(F)F)nn2-c2ccc(S(N)(=O)=O)cc2)cc1,REP.A012_HA1E_24H:L13,c1ccc(-c2ccnn2-c2ccccc2)cc1,train
roflumilast,1,less,O=C(Nc1c(Cl)cncc1Cl)c1ccc(OC(F)F)c(OCC2CC2)c1,REP.A012_HA1E_24H:M19,O=C(Nc1ccncc1)c1cccc(OCC2CC2)c1,train
ONDANSETRON HYDROCHLORIDE,1,most,Cc1nccn1CC1CCc2c(c3ccccc3n2C)C1=O,REP.A004_HA1E_24H:C13,O=C1c2c([nH]c3ccccc23)CCC1Cn1ccnc1,train
SODIUM PHENYLBUTYRATE,1,less,O=C([O-])CCCc1ccccc1,REP.A023_HA1E_24H:B13,c1ccccc1,train
SIMVASTATIN,1,less,CCC(C)(C)C(=O)O[C@H]1C[C@@H](C)C=C2C=C[C@H](C)[C@H](CC[C@@H]3C[C@@H](O)CC(=O)O3)[C@H]21,REP.A004_HA1E_24H:L19,O=C1CCCC(CCC2CC=CC3=CCCCC32)O1,train
GLYCOPYRROLATE,1,less,C[N+]1(C)CCC(OC(=O)C(O)(c2ccccc2)C2CCCC2)C1,REP.A022_HA1E_24H:N19,O=C(OC1CC[NH2+]C1)C(c1ccccc1)C1CCCC1,val
LENALIDOMIDE,1,most,Nc1cccc2c1CN(C1CCC(=O)NC1=O)C2=O,REP.A002_HA1E_24H:N02,O=C1CCC(N2Cc3ccccc3C2=O)C(=O)N1,val
Cisapride,1,most,COc1cc(N)c(Cl)cc1C(=O)NC1CCN(CCCOc2ccc(F)cc2)CC1OC,REP.A010_HA1E_24H:F01,O=C(NC1CCN(CCCOc2ccccc2)CC1)c1ccccc1,val
LEVETIRACETAM,1,less,CC[C@@H](C(N)=O)N1CCCC1=O,REP.A020_HA1E_24H:P07,O=C1CCCN1,val
apomorphine hydrochloride,1,most,CN1CCc2cccc3c2[C@H]1Cc1ccc(O)c(O)c1-3,REP.A024_HA1E_24H:H13,c1ccc2c(c1)CC1NCCc3cccc-2c31,val
LAMIVUDINE,0,no,Nc1ccn([C@@H]2CS[C@H](CO)O2)c(=O)n1,REP.A012_HA1E_24H:N07,O=c1ncccn1C1CSCO1,train
Erythromycin Ethylsuccinate,1,most,CCOC(=O)CCC(=O)O[C@H]1[C@H](O[C@@H]2[C@@H](C)[C@H](O[C@H]3C[C@@](C)(OC)[C@@H](O)[C@H](C)O3)[C@@H](C)C(=O)O[C@H](CC)[C@@](C)(O)[C@H](O)[C@@H](C)C(=O)[C@H](C)C[C@@]2(C)O)O[C@H](C)C[C@@H]1N(C)C,REP.A016_HA1E_24H:C07,O=C1CCCCOC(=O)CC(OC2CCCCO2)CC(OC2CCCCO2)CCC1,train
ENZALUTAMIDE,1,most,CNC(=O)c1ccc(N2C(=S)N(c3ccc(C#N)c(C(F)(F)F)c3)C(=O)C2(C)C)cc1F,REP.A014_HA1E_24H:I19,O=C1CN(c2ccccc2)C(=S)N1c1ccccc1,train
ESTRADIOL,1,most,CCCCC(=O)O[C@H]1CC[C@H]2[C@@H]3CCc4cc(O)ccc4[C@H]3CC[C@]12C,REP.A006_HA1E_24H:B07,c1ccc2c(c1)CCC1C2CCC2CCCC21,train
DEFERIPRONE,1,less,Cc1c(O)c(=O)ccn1C,REP.A011_HA1E_24H:K01,O=c1cc[nH]cc1,test
Calcitriol,1,less,C=C1/C(=C\C=C2/CCC[C@]3(C)[C@@H]([C@H](C)CCCC(C)(C)O)CC[C@@H]23)C[C@@H](O)C[C@@H]1O,REP.A001_HA1E_24H:I13,C=C1CCCCC1=CC=C1CCCC2CCCC12,train
THIORIDAZINE HYDROCHLORIDE,1,most,CSc1ccc2c(c1)N(CCC1CCCCN1C)c1ccccc1S2,REP.A020_HA1E_24H:H01,c1ccc2c(c1)Sc1ccccc1N2CCC1CCCCN1,train
BOSENTAN ANHYDROUS,1,less,COc1ccccc1Oc1c(NS(=O)(=O)c2ccc(C(C)(C)C)cc2)nc(-c2ncccn2)nc1OCCO,REP.A024_HA1E_24H:E01,O=S(=O)(Nc1nc(-c2ncccn2)ncc1Oc1ccccc1)c1ccccc1,train
ALPROSTADIL,1,less,CCCCC[C@H](O)/C=C/[C@H]1[C@H](O)CC(=O)[C@@H]1CCCCCCC(=O)O,REP.A008_HA1E_24H:G07,O=C1CCCC1,test
Exemestane,1,less,C=C1C[C@@H]2[C@H](CC[C@]3(C)C(=O)CC[C@@H]23)[C@@]2(C)C=CC(=O)C=C12,REP.A024_HA1E_24H:A19,C=C1CC2C(CCC3C(=O)CCC32)C2C=CC(=O)C=C12,val
VARDENAFIL HYDROCHLORIDE,1,most,CCCc1nc(C)c2c(O)nc(-c3cc(S(=O)(=O)N4CCN(CC)CC4)ccc3OCC)nn12,REP.A010_HA1E_24H:I13,O=S(=O)(c1cccc(-c2ncc3cncn3n2)c1)N1CCNCC1,train
CHOLIC ACID,0,no,C[C@H](CCC(=O)O)[C@H]1CC[C@H]2[C@@H]3[C@H](O)C[C@@H]4C[C@H](O)CC[C@]4(C)[C@H]3C[C@H](O)[C@]12C,REP.A013_HA1E_24H:M13,C1CCC2C(C1)CCC1C3CCCC3CCC21,train
VERAPAMIL HYDROCHLORIDE,1,most,COc1ccc(CCN(C)CCCC(C#N)(c2ccc(OC)c(OC)c2)C(C)C)cc1OC,REP.A005_HA1E_24H:J01,c1ccc(CCCCNCCc2ccccc2)cc1,train
tivozanib hydrochloride,1,most,COc1cc2nccc(Oc3ccc(NC(=O)Nc4cc(C)on4)c(Cl)c3)c2cc1OC,LJP007_HA1E_24H:C01,O=C(Nc1ccc(Oc2ccnc3ccccc23)cc1)Nc1ccon1,train
TIZANIDINE HYDROCHLORIDE,1,less,Clc1ccc2nsnc2c1NC1=NCCN1,REP.A011_HA1E_24H:J01,c1cc(NC2=NCCN2)c2nsnc2c1,val
CIMETIDINE,1,less,CN/C(=N\CCSCc1nc[nH]c1C)NC#N,REP.A009_HA1E_24H:O13,c1c[nH]cn1,train
DONEPEZIL HYDROCHLORIDE,1,less,COc1cc2c(cc1OC)C(=O)C(CC1CCN(Cc3ccccc3)CC1)C2,REP.A019_HA1E_24H:L07,O=C1c2ccccc2CC1CC1CCN(Cc2ccccc2)CC1,train
RIMANTADINE HYDROCHLORIDE,1,less,CC(N)C12CC3CC(CC(C3)C1)C2,REP.A025_HA1E_24H:I13,C1C2CC3CC1CC(C2)C3,train
DIAZOXIDE,1,less,CC1=Nc2ccc(Cl)cc2S(=O)(=O)N1,REP.A023_HA1E_24H:P19,O=S1(=O)NC=Nc2ccccc21,test
MARIBAVIR,0,no,CC(C)Nc1nc2cc(Cl)c(Cl)cc2n1[C@H]1O[C@@H](CO)[C@H](O)[C@@H]1O,REP.A014_HA1E_24H:G07,c1ccc2c(c1)ncn2C1CCCO1,train
FIDAXOMICIN,0,no,CCc1c(Cl)c(O)c(Cl)c(O)c1C(=O)O[C@H]1[C@H](O)[C@H](OC)[C@H](OC/C2=C\C=C\C[C@H](O)/C(C)=C/[C@H](CC)[C@@H](O[C@@H]3OC(C)(C)[C@@H](OC(=O)C(C)C)[C@H](O)[C@@H]3O)/C(C)=C/C(C)=C/C[C@@H]([C@@H](C)O)OC2=O)O[C@@H]1C,REP.A014_HA1E_24H:D13,O=C1OCCC=CC=CC(OC2CCCCO2)CC=CCCC=CC=C1COC1CCC(OC(=O)c2ccccc2)CO1,train
DARIFENACIN HYDROBROMIDE,1,less,NC(=O)C(c1ccccc1)(c1ccccc1)[C@@H]1CCN(CCc2ccc3c(c2)CCO3)C1,REP.A027_HA1E_24H:F19,c1ccc(C(c2ccccc2)C2CCN(CCc3ccc4c(c3)CCO4)C2)cc1,test
Temozolomide,0,no,Cn1nnc2c(C(N)=O)ncn2c1=O,REP.A009_HA1E_24H:K01,O=c1[nH]nnc2cncn12,train
CLONAZEPAM,1,less,O=C1CN=C(c2ccccc2Cl)c2cc([N+](=O)[O-])ccc2N1,REP.A013_HA1E_24H:D19,O=C1CN=C(c2ccccc2)c2ccccc2N1,train
CABERGOLINE,1,most,C=CCN1C[C@H](C(=O)N(CCCN(C)C)C(=O)NCC)C[C@@H]2c3cccc4[nH]cc(c34)C[C@H]21,REP.A021_HA1E_24H:P19,c1cc2c3c(c[nH]c3c1)CC1NCCCC21,test
NINTEDANIB ESYLATE,1,most,COC(=O)c1ccc2c(c1)NC(=O)/C2=C(\Nc1ccc(N(C)C(=O)CN2CCN(C)CC2)cc1)c1ccccc1,LJP006_HA1E_24H:H01,O=C(CN1CCNCC1)Nc1ccc(NC(=C2C(=O)Nc3ccccc32)c2ccccc2)cc1,train
MINOXIDIL,1,most,Nc1cc(N2CCCCC2)nc(N)[n+]1[O-],REP.A011_HA1E_24H:L07,c1cc(N2CCCCC2)nc[nH+]1,test
DABIGATRAN ETEXILATE MESYLATE,1,most,CCCCCCOC(=O)NC(=N)c1ccc(NCc2nc3cc(C(=O)N(CCC(=O)OCC)c4ccccn4)ccc3n2C)cc1,REP.A015_HA1E_24H:F13,O=C(Nc1ccccn1)c1ccc2[nH]c(CNc3ccccc3)nc2c1,train
cytarabine,1,less,Nc1ccn([C@@H]2O[C@H](CO)[C@@H](O)[C@@H]2O)c(=O)n1,REP.A009_HA1E_24H:M07,O=c1ncccn1C1CCCO1,test
DACARBAZINE,0,no,CN(C)/N=N/c1[nH]cnc1C(N)=O,REP.A003_HA1E_24H:N01,c1c[nH]cn1,train
LOMITAPIDE MESYLATE,1,less,O=C(NC1CCN(CCCCC2(C(=O)NCC(F)(F)F)c3ccccc3-c3ccccc32)CC1)c1ccccc1-c1ccc(C(F)(F)F)cc1,REP.A025_HA1E_24H:C13,O=C(NC1CCN(CCCCC2c3ccccc3-c3ccccc32)CC1)c1ccccc1-c1ccccc1,train
SIROLIMUS,1,less,CO[C@H]1C[C@@H]2CC[C@@H](C)[C@@](O)(O2)C(=O)C(=O)N2CCCC[C@H]2C(=O)O[C@H]([C@H](C)C[C@@H]2CC[C@@H](O)[C@H](OC)C2)CC(=O)[C@H](C)/C=C(\C)[C@@H](O)[C@@H](OC)C(=O)[C@H](C)C[C@H](C)/C=C/C=C/C=C/1C,LJP006_HA1E_24H:L13,O=C1CCC=CCC(=O)CC(CCC2CCCCC2)OC(=O)C2CCCCN2C(=O)C(=O)C2CCCC(CCC=CC=CC=CCCC1)O2,train
LEVOFLOXACIN,1,most,C[C@H]1COc2c(N3CCN(C)CC3)c(F)cc3c(=O)c(C(=O)O)cn1c23,REP.A005_HA1E_24H:H19,O=c1ccn2c3c(c(N4CCNCC4)ccc13)OCC2,train
IDELALISIB,0,no,CC[C@H](Nc1ncnc2[nH]cnc12)c1nc2cccc(F)c2c(=O)n1-c1ccccc1,LJP007_HA1E_24H:P01,O=c1c2ccccc2nc(CNc2ncnc3[nH]cnc23)n1-c1ccccc1,test
