resolved_name,DICT_Concern,cardiotox_label
Hyaluronic Acid,no,0
ZYPREXA Relprevv,less,1
Tigan,no,0
BICILLIN L-A,less,1
INVEGA HAFYERA,most,1
Aveed,most,1
ARISTADA,less,1
Signifor LAR,most,1
TRIPTODUR,less,1
VIVITROL,less,1
Apretude,no,0
Fulvestrant,no,0
BAL,less,1
Trelstar,most,1
carboprost tromethamine,less,1
Hydroxocobalamin,no,0
Cyanocobalamin,less,1
Estradiol Valerate,most,1
Testosterone Cypionate,most,1
Streptomycin,no,0
Medroxyprogesterone Acetate,less,1
Haloperidol Decanoate,most,1
Depo-Estradiol,most,1
Haloperidol,most,1
ziprasidone mesylate,less,1
PENICILLIN G PROCAINE,no,0
Bleomycin,less,1
Polymyxin B,no,0
Premarin,less,1
CAPASTAT SULFATE,no,0
INFED,less,1
Solu-Cortef,less,1
Calcium Disodium Versenate,less,1
Oxytocin,less,1
Penicillin G Sodium,less,1
Phentolamine Mesylate,most,1
Colistimethate Sodium,no,0
Orphenadrine Citrate,less,1
Midazolam,most,1
Metoclopramide,less,1
Penicillin G Potassium,less,1
pentamidine isethionate,less,1
Diphenhydramine Hydrochloride,less,1
PROCAINAMIDE HYDROCHLORIDE,most,1
Leucovorin Calcium,no,0
Cefuroxime sodium,no,0
PROCHLORPERAZINE EDISYLATE,less,1
Cefazolin,no,0
Droperidol,most,1
Ketamine Hydrochloride,less,1
ONDANSETRON,most,1
Pentobarbital Sodium,less,1
Amikacin Sulfate,no,0
THIAMINE HYDROCHLORIDE,no,0
Methylprednisolone Sodium Succinate,less,1
Dimenhydrinate,less,1
Methylergonovine Maleate,less,1
SUCCINYLCHOLINE CHLORIDE,most,1
Tobramycin,no,0
Aztreonam,less,1
Oxacillin,less,1
Hydralazine Hydrochloride,most,1
Colistimethate,no,0
Succinylcholine Chloride,most,1
Fosphenytoin,most,1
PYRIDOXINE HCI,no,0
Cefotetan,no,0
Ertapenem,less,1
Bumetanide,less,1
Cefotetan,no,0
ENLON,most,1
Pipracil,no,0
Cefizox,no,0
Cortrosyn,less,1
Brevital Sodium,less,1
DEMEROL,less,1
Protopam Chloride,less,1
Nalbuphine Hydrochloride,less,1
Deferoxamine mesylate,less,1
Hydromorphone Hydrochloride,less,1
Sterile Water,no,0
Revex,less,1
Purified Cortrophin Gel,less,1
Miacalcin,less,1
Makena,less,1
FLUPHENAZINE DECANOATE,most,1
Lupron Depot-PED,less,1
Miochol E,less,1
TISSUEBLUE,no,0
MEMBRANEBLUE,no,0
Steritalc 2g; Steritalc 3g; Steritalc 4g,less,1
Novocaine,less,1
PRIALT,less,1
Indium DTPA In 111,no,0
Spinraza,no,0
OMNIPAQUE,most,1
Cytarabine,less,1
ParaGard T 380A,no,0
Conray,most,1
ISOVUE 200; ISOVUE 250; ISOVUE 300; ISOVUE 370,most,1
Visipaque,most,1
PROSTIN VR PEDIATRIC,less,1
Nouress,no,0
Gallium Ga-68 PSMA-11,no,0
Amidate,less,1
Vasopressin,less,1
Ga-68-DOTATOC,no,0
Photofrin,less,1
AMONDYS 45,no,0
Kit for the Preparation of Technetium Tc 99m Medronate,no,0
Nulibry,no,0
Onpattro,less,1
Xerava,less,1
ALIQOPA,less,1
GANITE,less,1
Kimyrsa,less,1
Triferic AVNU,less,1
Ephedrine Sulfate,less,1
Fetroja,less,1
Neuraceq,no,0
CERIANNA,no,0
TAUVID,no,0
Viltepso,less,1
Zulresso,less,1
COPPER,no,0
Xofigo,no,0
Magnevist,less,1
Rapivab,no,0
MANGANESE,no,0
Azedra,less,1
Cyanokit,less,1
Cisplatin,less,1
Orbactiv,less,1
Ascor,no,0
Dopram,most,1
DAPZURA RT,less,1
REZIPRES,less,1
Detectnet,no,0
NETSPOT,no,0
OLINVYK,most,1
Potassium Acetate,most,1
Calcium Chloride,no,0
Choline C 11,no,0
Ethyol,most,1
Sodium Nitrite,most,1
Giapreza,less,1
KINEVAC,less,1
Zemdri (plazomicin),less,1
DEFITELIO,less,1
Vizamyl,less,1
Chromium,no,0
IXEMPRA,most,1
ARGATROBAN,less,1
IC-Green,no,0
YONDELIS,most,1
Sodium Thiosulfate,less,1
EOVIST,less,1
Corlopam,less,1
Technescan HDP,no,0
Selenious Acid,no,0
VENOFER (IRON SUCROSE),less,1
R-Gene,no,0
Beleodaq,less,1
CardioGen-82,most,1
BRIDION,most,1
Veletri,less,1
Calcium Gluconate,most,1
DEFINITY RT,most,1
Ferrlecit,less,1
NEUROLITE,less,1
Halaven,most,1
Monoferric,less,1
Lutathera,less,1
Folotyn,less,1
GALLIUM CITRATE GA-67,no,0
ChiRhoStim; ChiRhoStim 40,no,0
Alimta,less,1
Corvert,most,1
ERAXIS,less,1
ILLUCCIX,no,0
BELRAPZO,less,1
Foscavir,most,1
Zinc Sulfate,no,0
Hextend,less,1
OMNISCAN,less,1
Barhemsys,most,1
Choletec,no,0
Teflaro,less,1
Dopamine Hydrochloride,most,1
VAPRISOL DEXTROSE IN PLASTIC CONTAINER,less,1
Quadramet,less,1
KYPROLIS,most,1
PARSABIV,most,1
Amyvid,less,1
CYCLOPHOSPHAMIDE,most,1
Vancomycin,less,1
AGGRASTAT,less,1
KENGREAL,no,0
Injectafer,less,1
Torisel,less,1
Zanosar,no,0
Ultiva,less,1
KHAPZORY,no,0
Kit for the Preparation of Technetium Tc99m Pyrophosphate,no,0
INDIUM IN 111 CHLORIDE,no,0
ETOPOPHOS,no,0
Gallium,no,0
Cytalux,no,0
Cosela,no,0
MultiHance,most,1
DaTscan,no,0
Myoview,less,1
Drax Exametazime,less,1
Nipent,less,1
PYLARIFY,no,0
Axumin,no,0
Acetaminophen,less,1
Pepaxto,no,0
DALVANCE,no,0
Glofil-125,no,0
LEXISCAN(R) (REGADENOSON),most,1
ZEPZELCA,no,0
Fluorodopa F18,no,0
BYFAVO,most,1
Pemfexy,less,1
Ellence,most,1
Sodium Citrate,no,0
Ultratag RBC,no,0
Gadavist,less,1
Cleviprex,less,1
Alfentanil Hydrochloride,less,1
PRECEDEX,most,1
Visudyne,less,1
Korsuva,less,1
Asclera,most,1
VIBATIV,most,1
Levothyroxine Sodium,most,1
ATROPINE SULFATE; Atropine Sulfate,less,1
Vyondys 53,less,1
Cytovene IV,less,1
THAM,no,0
ProHance,less,1
PROPOFOL,most,1
Levoleucovorin,no,0
CASPOFUNGIN ACETATE,less,1
ESMOLOL HYDROCHLORIDE,most,1
Ifosfamide,most,1
Daunorubicin Hydrochloride,most,1
mitoXANTRONE,most,1
Carmustine,less,1
GEMCITABINE,less,1
CAFFEINE CITRATE,most,1
BIVALIRUDIN,less,1
VinCRIStine Sulfate,less,1
Arsenic Trioxide,most,1
Micafungin,less,1
Cefoxitin,less,1
Sodium Tetradecyl Sulfate,most,1
Paclitaxel,less,1
Mesna,less,1
Eptifibatide,less,1
Technetium Tc 99m Sestamibi,most,1
Ibuprofen Lysine,less,1
Vinblastine Sulfate,less,1
Indium In 111 Oxyquinoline,no,0
Esomeprazole Sodium,no,0
CLARISCAN,less,1
Adenosine,most,1
NICARDIPINE HYDROCHLORIDE,most,1
LMD in Dextrose; LMD in Sodium Chloride,most,1
Azithromycin,most,1
CIDOFOVIR DIHYDRATE,less,1
AMPICILLIN,no,0
Micafungin,less,1
Norepinephrine Bitartrate,less,1
CEFEPIME,no,0
Rocuronium,less,1
ENALAPRILAT,less,1
Busulfan,less,1
Calcitriol,less,1
Meropenem,less,1
Clindamycin,less,1
Sodium Nitroprusside,most,1
Fosaprepitant,no,0
Romidepsin,less,1
Ferumoxytol,less,1
Aminophylline,less,1
PARAPLATIN,less,1
Gemcitabine,less,1
Azathioprine Sodium,no,0
Ammonia N 13,no,0
Kit for the Preparation of Technetium Tc99m Mertiatide,less,1
TAZICEF,no,0
Sodium Fluoride F 18,no,0
Milrinone Lactate,most,1
NEOSTIGMINE METHYLSULFATE,less,1
Amiodarone Hydrochloride,less,1
TECHNETIUM TC 99M SESTAMIBI,less,1
acyclovir,less,1
Pamidronate Disodium,less,1
Chloramphenicol Sodium Succinate,no,0
Zinc Chloride,less,1
Fomepizole,less,1
DOXOrubicin Hydrochloride,most,1
Cisatracurium Besylate,less,1
Amphotericin B,less,1
Topotecan,no,0
Dacarbazine,no,0
LEVOLEUCOVORIN,no,0
DECITABINE,less,1
Tigecycline,no,0
Etoposide,no,0
DOCETAXEL,less,1
Dipyridamole,most,1
Sotradecol,most,1
Nelarabine,no,0
Idarubicin Hydrochloride,most,1
Valproate Sodium,less,1
STRONTIUM CHLORIDE Sr-89,no,0
epoprostenol,less,1
Acetazolamide,no,0
Allopurinol,less,1
Flumazenil,most,1
Atracurium Besylate,less,1
Erythromycin Lactobionate,most,1
Granisetron Hydrochloride,most,1
Vinorelbine,less,1
Fludarabine Phosphate,less,1
dactinomycin,no,0
Fludeoxyglucose F 18,no,0
DOBUTAMINE,less,1
Indomethacin,less,1
PROTAMINE SULFATE,most,1
oxaliplatin,most,1
Irinotecan Hydrochloride,less,1
Ceftriaxone,no,0
Hypaque Sodium,most,1
Etesevimab,less,1
Neutrexin,no,0
Feridex,less,1
Bamlanivimab,less,1
RadioGenix System,no,0
TEMODAR,no,0
Briviact,no,0
SIVEXTRO,less,1
Baxdela,less,1
NOXAFIL,most,1
UPTRAVI; UPTRAVI Titration Pack,no,0
Vimpat,most,1
PREVYMIS,less,1
NUZYRA,less,1
Trovan,most,1
Kit for the Prepartion of Technetium Tc99m Sulfur Colloid,less,1
Heparin Sodium,no,0
VELCADE,most,1
AZACITIDINE,less,1
Octreotide Acetate,most,1
RIMSO-50,no,0
Cysview,no,0
Cystografin Dilute,no,0
Valstar,no,0
CRESEMBA,less,1
Aptivus,no,0
Metopirone,less,1
Ravicti,no,0
OPSUMIT,less,1
ONGLYZA,most,1
DIFICID; Dificid,no,0
Wakix,most,1
Xadago,less,1
Turalio,less,1
CAPRELSA,most,1
Zydelig,no,0
Benznidazole,no,0
Dipentum,less,1
Isturisa,most,1
Prograf,less,1
ONGENTYS,less,1
Priftin,less,1
Matulane,less,1
Katerzia,most,1
FACTIVE,most,1
Juxtapid,less,1
NUBEQA,less,1
Lynparza,no,0
PYtest,no,0
Pranactin-Citric,no,0
Odomzo,no,0
TEPMETKO,no,0
Keveyis,less,1
Fanapt,most,1
Agrylin,most,1
Livmarli,no,0
Lucemyra,most,1
SYMPROIC,no,0
Otezla,no,0
Invirase,most,1
Inrebic,most,1
Idhifa,most,1
VIIBRYD,less,1
Hepsera,no,0
ANZEMET,most,1
TABRECTA,no,0
JANUVIA,most,1
Corlanor,most,1
Radiogardase,no,0
TAVALISSE,most,1
Alinia,no,0
Vyvanse,most,1
Hetlioz; Hetlioz LQ,no,0
Pradaxa,most,1
TPOXX,no,0
IRESSA,no,0
Mycapssa,most,1
Ruzurgi,no,0
Adempas,less,1
MAYZENT,less,1
Savella,less,1
Sapropterin Dihydrochloride,less,1
BELVIQ XR; Belviq,most,1
SPRYCEL,most,1
SOLOSEC,no,0
DURLAZA,no,0
Diacomit,no,0
Auryxia,no,0
Synthroid,less,1
TIBSOVO,most,1
MYTESI,no,0
Livtencity,no,0
ALECENSA,less,1
Xcopri; Xcopri Maintenance Pack; Xcopri Titration Pack,most,1
Cevimeline,less,1
Orgovyx,most,1
Rayaldee,less,1
AUSTEDO; Austedo,most,1
SIRTURO,most,1
Lorbrena,most,1
QELBREE,less,1
Trecator,no,0
TAVNEOS,less,1
XELJANZ; XELJANZ XR,most,1
Moxidectin,less,1
Desvenlafaxine,less,1
NUPLAZID,most,1
Venclexta,no,0
SLYND,no,0
Myrbetriq,less,1
STEGLATRO,no,0
RAZADYNE,most,1
Daypro,most,1
Stivarga,most,1
ACCRUFER,no,0
PEXEVA,less,1
GEMTESA,no,0
ZYPITAMAG,no,0
BREXAFEMME,no,0
HIPREX,no,0
Tybost,no,0
VERQUVO,less,1
Rozlytrek,most,1
XIFAXAN,no,0
PIZENSY,less,1
Avandia,most,1
EMFLAZA,less,1
Ketek,most,1
Daurismo,most,1
ORFADIN,no,0
ZYKADIA,most,1
Vumerity,no,0
Multaq,most,1
Cenestin,most,1
Quazepam,no,0
Northera,most,1
Boniva,less,1
Livalo,no,0
Olumiant,most,1
Zokinvy,less,1
ZONTIVITY,no,0
RYDAPT,less,1
CALQUENCE,less,1
citalopram,most,1
Alunbrig,less,1
FARYDAK,most,1
ZEJULA,less,1
Jardiance,no,0
BRILINTA,most,1
DOPTELET,no,0
Ibrance,no,0
Gilenya,most,1
TYKERB,most,1
Cholbam,no,0
amiloride hydrocloride,less,1
VEMLIDY,no,0
UKONIQ,no,0
TABLOID,no,0
azithromycin,less,1
Vraylar,less,1
Tasigna,most,1
Revlimid,most,1
Toviaz,less,1
Lenvima,most,1
PURINETHOL,no,0
Aplenzin,less,1
Chemet,less,1
Aemcolo,no,0
COMETRIQ,less,1
Stendra,less,1
Cerdelga,most,1
Krintafel,no,0
Kerendia,no,0
ESBRIET,no,0
LOKELMA,no,0
Pomalyst,most,1
Galafold,no,0
DYANAVEL XR; Dyanavel XR,most,1
Tasmar,less,1
RETEVMO,most,1
XTAMPZA ER,less,1
INLYTA,most,1
Thiola EC,less,1
SCEMBLIX,most,1
Mekinist,most,1
FIBRICOR,no,0
KISQALI,most,1
GOCOVRI,less,1
Tafinlar,most,1
Osphena,most,1
Enablex,less,1
Trimethoprim,no,0
BRUKINSA,less,1
UBRELVY,no,0
TRUSELTIQ,no,0
Nexavar,most,1
QINLOCK,most,1
Primsol,no,0
Nerlynx,no,0
XARELTO; Xarelto,no,0
Afinitor; Afinitor Disperz,less,1
Viramune,no,0
VIRACEPT,less,1
Iclusig,most,1
Xenical,no,0
HYCAMTIN,no,0
Xtandi,most,1
SUNOSI,less,1
ELMIRON,no,0
PIFELTRO,no,0
Plaquenil,most,1
BRAFTOVI,most,1
ENJUVIA,most,1
Firdapse,less,1
Xermelo,no,0
FOTIVDA,most,1
BALVERSA,less,1
Orladeyo,less,1
FARXIGA,no,0
Velphoro,no,0
Macrilen,most,1
BOSULIF,most,1
Rezurock,less,1
JAKAFI,most,1
VERMOX,no,0
PARNATE,less,1
WELIREG,less,1
Trulance Immediate release,no,0
Xyrem,no,0
Qulipta,no,0
Gleostine,no,0
Incruse Ellipta,less,1
Cefditoren Pivoxil,no,0
Lysodren,no,0
DIURIL,less,1
CRIXIVAN,less,1
EVRYSDI,no,0
Reyvow,less,1
Horizant,no,0
Emcyt,most,1
Nucynta ER,less,1
CAPLYTA,less,1
KOSELUGO,most,1
TAZVERIK,no,0
Mulpleta,no,0
Vascepa,less,1
Cotellic,most,1
MOVANTIK,no,0
Cedax,no,0
COPIKTRA,no,0
Lithium,most,1
INGREZZA,most,1
Xospata,most,1
PONVORY,less,1
Orilissa,no,0
ZOLINZA,less,1
Varubi,no,0
IMPAVIDO,no,0
Xalkori,most,1
Ayvakit,less,1
Vizimpro,no,0
IBSRELA,no,0
Xofluza,no,0
Thalomid,most,1
MOTEGRITY,no,0
PROMACTA,no,0
ERLEADA,most,1
Lithostat,less,1
Rinvoq,most,1
Sular,less,1
Mavenclad,most,1
EGATEN,most,1
Peganone,no,0
NINLARO,no,0
Viberzi,no,0
BAFIERTAM,no,0
ISENTRESS,no,0
Ofev,most,1
Prilosec,less,1
Gilotrif,no,0
Rubraca,less,1
OXBRYTA,no,0
ELIQUIS,less,1
Tradjenta,most,1
ZEPOSIA; ZEPOSIA 7-Day Starter Pack; ZEPOSIA Starter Kit,less,1
Cystadane,no,0
RIDAURA,no,0
TAGRISSO,most,1
EXKIVITY,most,1
Darvon-N,less,1
ADDYI,less,1
Fetzima,less,1
Marplan,less,1
PREZISTA,no,0
SAVAYSA,no,0
XPOVIO,less,1
Fexinidazole,most,1
Rukobia,less,1
XURIDEN,no,0
BYLVAY,no,0
LUPKYNIS,most,1
DOJOLVI,no,0
Cesamet,less,1
Rexulti,less,1
NOURIANZ,no,0
FINTEPLA,most,1
Recorlev,most,1
LUMAKRAS,less,1
Nardil,less,1
ERIVEDGE,no,0
EDURANT,no,0
Cotempla XR-ODT,most,1
ZELBORAF,most,1
Kalydeco,no,0
Imbruvica,most,1
Gavreto,less,1
Tivicay; Tivicay PD,no,0
VELTASSA,no,0
Nexletol,less,1
Aubagio,less,1
Epidiolex,no,0
LEUKERAN,no,0
MEKTOVI,most,1
Zorvolex,most,1
NURTEC ODT,no,0
Conjupri,most,1
Codeine sulfate,less,1
Nalfon,most,1
INVOKANA,no,0
Endari,no,0
BELVIQ XR Extended Release Extended Release,most,1
Daliresp,less,1
DAYVIGO,no,0
Celontin,no,0
Levocarnitine,no,0
BELSOMRA,less,1
Ocaliva,no,0
Karbinal ER,less,1
E.E.S; E.E.S 400,most,1
Bupropion Hydrochloride (XL),less,1
Desvenlafaxine Succinate,less,1
Tetrabenazine,most,1
Naltrexone Hydrochloride,less,1
Cefuroxime axetil,less,1
Pyrimethamine,less,1
Alprazolam,less,1
ATORVASTATIN CALCIUM,no,0
Isradipine,less,1
Atovaquone,no,0
Calcium Acetate,no,0
Indomethacin,most,1
Sucralfate,no,0
Bosentan,less,1
COLESTIPOL HYDROCHLORIDE,less,1
Felbamate,less,1
HYDROXYUREA,no,0
Loxapine,less,1
PIOGLITAZONE,most,1
acyclovir,no,0
Morphine Sulfate Extended Release,less,1
Paroxetine,less,1
Prazosin Hydrochloride,less,1
ZOLPIDEM TARTRATE,less,1
Mycophenolic Acid,less,1
Triamterene,no,0
RIZATRIPTAN BENZOATE,most,1
Tacrolimus,most,1
ibuprofen,most,1
Rufinamide,less,1
Cimetidine,less,1
Clonidine hydrochloride,less,1
methazolamide,no,0
Metoprolol Succinate,most,1
Sirolimus,less,1
Torsemide,less,1
Oxcarbazepine,less,1
Clindamycin Palmitate Hydrochloride,no,0
meloxicam,most,1
METHITEST,less,1
Glycopyrrolate,less,1
deferasirox,no,0
Isoniazid,no,0
FLUDROCORTISONE ACETATE,less,1
VERAPAMIL HYDROCHLORIDE,most,1
Zileuton,no,0
Propantheline Bromide,less,1
Sertraline,most,1
Bisoprolol Fumarate,most,1
Vardenafil Hydrochloride,most,1
Aminocaproic acid,less,1
Telmisartan,less,1
LAMOTRIGINE,less,1
Fenofibrate,no,0
montelukast sodium,less,1
Metolazone,less,1
Disulfiram,no,0
Megestrol Acetate,less,1
METOPROLOL SUCCINATE,most,1
acarbose,no,0
Clindamycin Hydrochloride,no,0
Jencycla,no,0
Estropipate,most,1
Levocetirizine Dihydrochloride,less,1
colchicine,no,0
PENTOXIFYLLINE,less,1
zaleplon,less,1
METHSCOPOLAMINE BROMIDE,less,1
KETOCONAZOLE,most,1
CANDESARTAN CILEXETIL,less,1
Esomeprazole magnesium,less,1
Quinidine Gluconate,less,1
Amoxapine,less,1
PROMETHAZINE HYDROCHLORIDE,less,1
Labetalol Hydrochloride,most,1
Dofetilide,most,1
Famciclovir,less,1
Albuterol,most,1
GEMFIBROZIL,less,1
Melphalan,less,1
Diazepam,less,1
Bosentan,less,1
Moexipril Hydrochloride,less,1
Chlorthalidone,less,1
Fluvastatin,less,1
Probenecid,no,0
Guanfacine,less,1
almotriptan,most,1
Colesevelam,no,0
NIZATIDINE,less,1
TENOFOVIR DISOPROXIL FUMARATE,no,0
Cartia XT,most,1
Felodipine,less,1
Risedronate Sodium,less,1
Cephalexin,no,0
Diazoxide,less,1
Ritonavir,most,1
Acetazolamide,no,0
Lurasidone Hydrochloride,less,1
Dutasteride,less,1
Exemestane,less,1
Fosinopril sodium,less,1
Sodium Phenylbutyrate,less,1
Hydrocodone Bitartrate,most,1
ENTECAVIR,no,0
cilostazol,most,1
OLANZAPINE,less,1
Disopyramide Phosphate,most,1
Danazol,less,1
Benazepril Hydrochloride,less,1
Ergomar Sublingual,less,1
Azathioprine,no,0
Carbidopa,less,1
montelukast sodium,less,1
Chlordiazepoxide Hydrochloride,no,0
Maraviroc,most,1
Imipramine Pamoate,less,1
Flecainide Acetate,most,1
Amantadine HCl,less,1
Ethacrynic acid,less,1
eletriptan hydrobromide,most,1
Hydroxyzine Pamoate,most,1
Erythrocin Stearate,most,1
ISOSORBIDE MONONITRATE,less,1
Nabumetone,most,1
Sunitinib malate,most,1
Cabergoline,most,1
RASAGILINE,less,1
ACITRETIN,less,1
Oxybutynin Chloride,most,1
Risperidone,less,1
Diclofenac Potassium,most,1
Ramipril,less,1
PRYIDOSTIGMINE BROMIDE,no,0
Solifenacin Succinate,less,1
Omeprazole,less,1
QUININE SULFATE,most,1
Memantine Hydrochloride,less,1
Pioglitazone,most,1
Zenzedi,most,1
Nebivolol,less,1
voriconazole,most,1
Rimantadine Hydrochloride,less,1
Efavirenz,most,1
CELECOXIB,most,1
Cefadroxil,no,0
Sumatriptan Succinate,most,1
Haloperidol,most,1
Clozapine,most,1
Azithromycin,most,1
Abacavir,most,1
QUINIDINE SULFATE,most,1
Prednisolone Sodium Phosphate,less,1
Fosamprenavir Calcium,less,1
Isosorbide Dinitrate,less,1
Nifedipine,less,1
Fluoxetine,most,1
PROCHLORPERAZINE MALEATE,less,1
Ampicillin,no,0
Ambrisentan,less,1
Mycophenolic Acid,less,1
Risedronate Sodium,less,1
Colchicine,no,0
Sotalol Hydrochloride,most,1
Meclizine Hydrochloride,no,0
TRIENTINE HYDROCHLORIDE,no,0
Baclofen,less,1
Bethanechol Chloride,less,1
Clarithromycin,most,1
CHLORZOXAZONE,no,0
PRIMAQUINE PHOSPHATE,less,1
Venlafaxine Hydrochloride,less,1
vigabatrin,no,0
Penicillamine,no,0
Sevelamer Hydrochloride,no,0
Metaproterenol Sulfate,less,1
VALGANCICLOVIR HYDROCHLORIDE,less,1
Liothyronine sodium,less,1
Prasugrel,less,1
emtricitabine,no,0
Valacyclovir Hydrochloride,no,0
GAVILAX,no,0
Desloratadine,no,0
PERPHENAZINE,less,1
DIMETHYL FUMARATE,no,0
Bromocriptine Mesylate,most,1
Nadolol,less,1
Propranolol Hydrochloride,most,1
Risedronate Sodium,less,1
Albendazole,no,0
Indapamide,less,1
Ezetimibe,no,0
Abiraterone Acetate,less,1
Claravis,less,1
LISINOPRIL,less,1
Tiagabine Hydrochloride,less,1
ropinirole hydrochloride,most,1
Terazosin,less,1
frovatriptan succinate,most,1
SILODOSIN,less,1
Darifenacin,less,1
Dicyclomine hydrochloride,less,1
CEFDINIR,less,1
Temazepam,less,1
Propoxyphene,less,1
moxifloxacin hydrochloride,most,1
Oxycodone Hydrochloride,less,1
THEOPHYLLINE,less,1
Phentermine Resin ER,less,1
SILDENAFIL CITRATE,less,1
stavudine,no,0
Imipramine Hydrochloride,less,1
Ranitidine,less,1
Pindolol,less,1
Dalfampridine,no,0
Nevirapine,no,0
Tizanidine,less,1
Acebutolol Hydrochloride,less,1
Trihexyphenidyl Hydrochloride,less,1
simvastatin,less,1
Miglustat,no,0
Ranolazine,most,1
Bexarotene,less,1
Ticlopidine Hydrochloride,no,0
Bicalutamide,less,1
Atorvastatin calcium,no,0
Mirtazapine,most,1
Sevelamer Carbonate,no,0
Chlorpromazine Hydrochloride,less,1
Lactulose,no,0
Naproxen Sodium,most,1
Prednisolone,less,1
Tramadol Hydrochloride,less,1
Lovastatin,no,0
Rivastigmine Tartrate,less,1
Meprobamate,less,1
Captopril,less,1
FLAVOXATE HYDROCHLORIDE,less,1
Methamphetamine Hydrochloride,most,1
Cefixime,no,0
Seromycin,less,1
Meclofenamate Sodium,most,1
Folic acid,no,0
Nitrofurantoin,less,1
mycophenolate mofetil,less,1
ketoprofen,most,1
Duloxetine,less,1
Ramelteon,no,0
Fluconazole,most,1
CYCLOPHOSPHAMIDE,most,1
Imatinib Mesylate,most,1
Ivermectin,less,1
Ranitidine,less,1
Cortisone Acetate,less,1
Amlodipine Besylate,most,1
Paromomycin Sulfate,no,0
Rosuvastatin Calcium,no,0
Paliperidone,most,1
Aripiprazole,less,1
Varenicline,less,1
Valsartan,less,1
Amoxicillin,no,0
Cimetidine,less,1
Dexamethasone,less,1
Amiloride Hydrochloride,less,1
Furosemide,less,1
LETROZOLE,less,1
Riluzole,less,1
Dronabinol,less,1
Oxandrolone,no,0
FOSFOMYCIN TROMETHAMINE,no,0
Tamoxifen Citrate,less,1
Venlafaxine Hydrochloride,less,1
Diflunisal,most,1
Loratadine,no,0
Metformin Hydrochloride,most,1
Loperamide Hydrochloride,most,1
Eulexin,less,1
Hydroxyzine hydrochloride,most,1
Lubiprostone,less,1
Flurazepam Hydrochloride,less,1
Alfuzosin Hydrochloride,less,1
Tadalafil,less,1
Digoxin,most,1
Thiothixene,less,1
Ursodiol,no,0
Propylthiouracil,no,0
Vancomycin Hydrochloride,no,0
Selegiline Hydrochloride,less,1
Trifluoperazine Hydrochloride,less,1
Levofloxacin,most,1
Trazodone Hydrochloride,most,1
Cefdinir,less,1
Chloroquine Phosphate,most,1
Amphetamine Sulfate,most,1
Tizanidine Hydrochloride,less,1
Eplerenone,less,1
Phendimetrazine Tartrate,less,1
Propafenone,most,1
PANTOPRAZOLE SODIUM,no,0
CAPECITABINE,most,1
Alvimopan,most,1
Paricalcitol,less,1
Repaglinide,less,1
Cetirizine Hydrochloride,less,1
PRAZIQUANTEL,most,1
divalproex sodium,less,1
Clorazepate Dipotassium,no,0
Allopurinol,less,1
Phenytoin,most,1
Warfarin Sodium,no,0
valproic acid,less,1
MEXILETINE HYDROCHLORIDE,most,1
Mefloquine Hydrochloride,most,1
Oxymorphone hydrochloride,less,1
Levonorgestrel,no,0
Escitalopram,less,1
Tolterodine Tartrate,less,1
cephalexin,no,0
ETHOSUXIMIDE,no,0
Famotidine,less,1
Clonazepam,less,1
BENZONATATE,no,0
Vardenafil Hydrochloride,most,1
Fluvoxamine Maleate,less,1
Carglumic Acid,no,0
Flurbiprofen,most,1
Azithromycin,most,1
Paser,less,1
Midodrine Hydrochloride,most,1
Entecavir,no,0
MINOXIDIL,most,1
Acamprosate Calcium,less,1
Naproxen,most,1
Atomoxetine Hydrochloride,most,1
Nimodipine,less,1
Finasteride,less,1
Methyldopa,less,1
PREGABALIN,most,1
Methimazole,no,0
Atenolol,most,1
Thioridazine Hydrochloride,most,1
Cefprozil,no,0
ESTRADIOL,most,1
Valganciclovir,less,1
ATAZANAVIR,most,1
Progesterone,most,1
Ketorolac Tromethamine,most,1
Fenofibric acid,no,0
Ciprofloxacin,most,1
Zidovudine,less,1
METHYLPHENIDATE HYDROCHLORIDE,most,1
Cholestyramine,no,0
Ondansetron,most,1
Oseltamivir phosphate,less,1
Vecamyl,less,1
Lanthanum carbonate,no,0
Atorvastatin calcium,no,0
Zonisamide,less,1
Levetiracetam,less,1
Protriptyline hydrochloride,less,1
BENZPHETAMINE HYDROCHLORIDE,less,1
Nateglinide,no,0
Phenytek,most,1
Rosuvastatin,no,0
Eletriptan Hydrobromide,most,1
Sulfasalazine,less,1
DOXEPIN HYDROCHLORIDE,less,1
Losartan Potassium,less,1
Donepezil Hydrochloride,less,1
Pravastatin Sodium,less,1
Sildenafil,less,1
Rabeprazole sodium,no,0
Methotrexate Sodium,less,1
PAROXETINE,less,1
Pramipexole Dihydrochloride,less,1
Ursodiol,no,0
MENEST,most,1
Estazolam,less,1
esomeprazole magnesium,less,1
Mefenamic Acid,most,1
Propafenone Hydrochloride,most,1
CARBAMAZEPINE,most,1
Ultramicrosize Griseofulvin,no,0
Mifepristone,less,1
Guanfacine Extended-Release,less,1
Itraconazole,less,1
Anastrozole,less,1
Cyproheptadine Hydrochloride,less,1
Alendronate,no,0
CEFPODOXIME PROXETIL,less,1
Lamivudine,no,0
Quetiapine Fumarate,less,1
FEXOFENADINE HYDROCHLORIDE,no,0
Clobazam,no,0
Etodolac,most,1
Clomipramine Hydrochloride,less,1
Pyrazinamide,no,0
Zolmitriptan,most,1
Alosetron Hydrochloride,less,1
Deferiprone,less,1
Sodium Iodide I-131,less,1
SODIUM IODIDE I 123,no,0
Cefadroxil,no,0
Nefazodone Hydrochloride,less,1
spironolactone,less,1
AMITRIPTYLINE HYDROCHLORIDE,most,1
Trimipramine Maleate,less,1
Niacor,less,1
toremifene citrate,most,1
METHADONE HYDROCHLORIDE,most,1
Tolvaptan,less,1
Carisoprodol,less,1
ziprasidone hydrochloride,most,1
Buspirone Hydrochloride,less,1
DESIPRAMINE HYDROCHLORIDE,less,1
Balsalazide Disodium,less,1
Rifabutin,less,1
Trandolapril,less,1
Metaxalone,no,0
APREPITANT,less,1
CINACALCET,most,1
Triazolam,no,0
Pimozide,less,1
Labetalol Hydrochloride,most,1
TROSPIUM CHLORIDE,less,1
Molindone Hydrochloride,less,1
Clomiphene Citrate,less,1
DIETHYLPROPION HYDROCHLORIDE ER,most,1
Perindopril Erbumine,less,1
Clemastine Fumarate,less,1
SULINDAC,most,1
Dexmethylphenidate Hydrochloride,most,1
Piroxicam,most,1
Primidone,no,0
Methocarbamol,less,1
Naratriptan,most,1
CYCLOBENZAPRINE HYDROCHLORIDE,less,1
Miglitol,no,0
Lansoprazole,less,1
CARVEDILOL,most,1
Hydrochlorothiazide,less,1
Theophylline (Anhydrous),less,1
Chenodal,no,0
Misoprostol,less,1
Citalopram,less,1
etravirine,less,1
Clopidogrel,less,1
Neomycin Sulfate,no,0
Levorphanol Tartrate,less,1
Tinidazole,less,1
TOLMETIN SODIUM,most,1
Nortriptyline Hydrochloride,most,1
molnupiravir,no,0
Seconal Sodium,less,1
ISMOTIC,no,0
SOTALOL,most,1
Maxaquin,most,1
Renese,less,1
PERMAX,most,1
VITRAKVI,no,0
SODIUM POLYSTYRENE SULFONATE,most,1
Relistor,less,1
Eszopiclone,less,1
VASOPRESSIN,less,1
Naloxone Hydrochloride,less,1
PHYTONADIONE,less,1
Dehydrated Alcohol,most,1
Compro,less,1
LEQVIO,no,0
Empaveli,less,1
FIRMAGON,most,1
OXLUMO,no,0
Vantas,most,1
Vyleesi,less,1
Imcivree,no,0
Lanreotide Acetate,less,1
Tymlos,less,1
Zegalogue,less,1
Byetta,no,0
Tegsedi,less,1
Saxenda,less,1
XYOSTED,most,1
VOXZOGO 0.4mg; VOXZOGO 0.56mg; VOXZOGO 1.2mg,less,1
SymlinPen,no,0
ZOLADEX,most,1
SYNRIBO,less,1
GIVLAARI,no,0
Copaxone,less,1
WEGOVY,less,1
Nexplanon,most,1
FUZEON,less,1
Kynamro,no,0
Fragmin,no,0
Forteo,less,1
KYBELLA,less,1
Fondaparinux Sodium,no,0
Terbutaline Sulfate,most,1
Fyremadel,no,0
Isosulfan Blue,no,0
ICATIBANT,no,0
Innohep,less,1
KYNMOBI,most,1
Dsuvia,less,1
nitroglycerin,most,1
Asenapine,most,1
Buprenorphine,less,1
Citanest Plain,less,1
,most,1
,most,1
,most,1
,most,1
,most,1
,most,1
,most,1
,most,1
,most,1
,most,1
,most,1
,most,1
,most,1
,most,1
,most,1
,most,1
,most,1
,most,1
,most,1
,most,1
,most,1
,most,1
,most,1
,most,1
,most,1
,most,1
,most,1
