query_name,parent_smiles,inchi_key,inchikey_block,cardiotox_label,DICT_Concern,pert_id,sig_ids,match_method
niacin,O=C(O)c1cccnc1,PVNIIMVLHYAWGP-UHFFFAOYSA-N,PVNIIMVLHYAWGP,1,less,BRD-K60237333,['REP.A015_HA1E_24H:M19'],inchikey
DIGOXIN,C[C@H]1O[C@@H](O[C@H]2[C@@H](O)C[C@H](O[C@H]3[C@@H](O)C[C@H](O[C@H]4CC[C@@]5(C)[C@H](CC[C@@H]6[C@@H]5C[C@@H](O)[C@]5(C)[C@@H](C7=CC(=O)OC7)CC[C@]65O)C4)O[C@@H]3C)O[C@@H]2C)C[C@H](O)[C@@H]1O,LTMHDMANZUZIPE-PUGKRICDSA-N,LTMHDMANZUZIPE,1,most,BRD-A94756469,['REP.A027_HA1E_24H:E07'],inchikey
DANAZOL,C#C[C@]1(O)CC[C@H]2[C@@H]3CCC4=Cc5oncc5C[C@]4(C)[C@H]3CC[C@@]21C,POZRVZJJTULAOH-LHZXLZLDSA-N,POZRVZJJTULAOH,1,less,BRD-A92537424,['REP.A028_HA1E_24H:A19'],inchikey
Aspirin,CC(=O)Oc1ccccc1C(=O)O,BSYNRYMUTXBXSQ-UHFFFAOYSA-N,BSYNRYMUTXBXSQ,0,no,BRD-K11433652,['REP.A005_HA1E_24H:O19'],inchikey
sotalol,CC(C)NCC(O)c1ccc(NS(C)(=O)=O)cc1,ZBMZVLHSJCTVON-UHFFFAOYSA-N,ZBMZVLHSJCTVON,1,most,BRD-A33168282,['REP.A003_HA1E_24H:H01'],inchikey
NAPROXEN,COc1ccc2cc([C@H](C)C(=O)O)ccc2c1,CMWTZPSULFXXJA-VIFPVBQESA-N,CMWTZPSULFXXJA,1,most,BRD-K59197931,['REP.A014_HA1E_24H:F19'],inchikey
ETODOLAC,CCc1cccc2c3c([nH]c12)C(CC)(CC(=O)O)OCC3,NNYBQONXHNTVIJ-UHFFFAOYSA-N,NNYBQONXHNTVIJ,1,most,BRD-A74667430,['REP.A025_HA1E_24H:J01'],inchikey
PIMOZIDE,O=c1[nH]c2ccccc2n1C1CCN(CCCC(c2ccc(F)cc2)c2ccc(F)cc2)CC1,YVUQSNJEYSNKRX-UHFFFAOYSA-N,YVUQSNJEYSNKRX,1,less,BRD-K01292756,['REP.A012_HA1E_24H:F19'],inchikey
URSODIOL,C[C@H](CCC(=O)O)[C@H]1CC[C@H]2[C@@H]3[C@@H](O)C[C@@H]4C[C@H](O)CC[C@]4(C)[C@H]3CC[C@]12C,RUDATBOHQWOJDD-UZVSRGJWSA-N,RUDATBOHQWOJDD,0,no,BRD-K43723251,['REP.A007_HA1E_24H:C01'],inchikey
CEFDINIR,C=CC1=C(C(=O)O)N2C(=O)[C@@H](NC(=O)/C(=N\O)c3csc(N)n3)[C@H]2SC1,RTXOFQZKPXMALH-GHXIOONMSA-N,RTXOFQZKPXMALH,1,less,BRD-K15766189,['REP.A002_HA1E_24H:B13'],inchikey
RILUZOLE,Nc1nc2ccc(OC(F)(F)F)cc2s1,FTALBRSUTCGOEG-UHFFFAOYSA-N,FTALBRSUTCGOEG,1,less,BRD-K21283037,['REP.A006_HA1E_24H:H19'],inchikey
Busulfan,CS(=O)(=O)OCCCCOS(C)(=O)=O,COVZYZSDYWQREU-UHFFFAOYSA-N,COVZYZSDYWQREU,1,less,BRD-K23204545,['REP.A006_HA1E_24H:M19'],inchikey
RAMIPRIL,CCOC(=O)[C@H](CCc1ccccc1)N[C@@H](C)C(=O)N1[C@H](C(=O)O)C[C@@H]2CCC[C@@H]21,HDACQVRGBOVJII-JBDAPHQKSA-N,HDACQVRGBOVJII,1,less,BRD-K89348303,['REP.A026_HA1E_24H:E19'],inchikey
ATENOLOL,CC(C)NCC(O)COc1ccc(CC(N)=O)cc1,METKIMKYRPQLGS-UHFFFAOYSA-N,METKIMKYRPQLGS,1,most,BRD-A20239487,['REP.A024_HA1E_24H:B13'],inchikey
Probucol,CC(C)(Sc1cc(C(C)(C)C)c(O)c(C(C)(C)C)c1)Sc1cc(C(C)(C)C)c(O)c(C(C)(C)C)c1,FYPMFJGVHOHGLL-UHFFFAOYSA-N,FYPMFJGVHOHGLL,1,most,BRD-K72029282,['REP.A023_HA1E_24H:M13'],inchikey
ACARBOSE,C[C@H]1O[C@H](O[C@H]2[C@H](O)[C@@H](O)[C@@H](O[C@H]3[C@H](O)[C@@H](O)C(O)O[C@@H]3CO)O[C@@H]2CO)[C@H](O)[C@@H](O)[C@@H]1N[C@H]1C=C(CO)[C@@H](O)[C@H](O)[C@H]1O,XUFXOAAUWZOOIT-UGEKTDRHSA-N,XUFXOAAUWZOOIT,0,no,BRD-K01621533,['REP.A012_HA1E_24H:H01'],inchikey
ZALEPLON,CCN(C(C)=O)c1cccc(-c2ccnc3c(C#N)cnn23)c1,HUNXMJYCHXQEGX-UHFFFAOYSA-N,HUNXMJYCHXQEGX,1,less,BRD-K92657060,['REP.A027_HA1E_24H:B13'],inchikey
DIAZEPAM,CN1C(=O)CN=C(c2ccccc2)c2cc(Cl)ccc21,AAOVKJBEBIDNHE-UHFFFAOYSA-N,AAOVKJBEBIDNHE,1,less,BRD-K16508793,['REP.A002_HA1E_24H:E13'],inchikey
BOSENTAN,COc1ccccc1Oc1c(NS(=O)(=O)c2ccc(C(C)(C)C)cc2)nc(-c2ncccn2)nc1OCCO,GJPICJJJRGTNOD-UHFFFAOYSA-N,GJPICJJJRGTNOD,1,less,BRD-K74763371,['REP.A024_HA1E_24H:E01'],inchikey
APIXABAN,COc1ccc(-n2nc(C(N)=O)c3c2C(=O)N(c2ccc(N4CCCCC4=O)cc2)CC3)cc1,QNZCBYKSOIHPEH-UHFFFAOYSA-N,QNZCBYKSOIHPEH,1,less,BRD-K67121414,['REP.A018_HA1E_24H:P07'],inchikey
ZILEUTON,CC(c1cc2ccccc2s1)N(O)C(N)=O,MWLSOWXNZPKENC-UHFFFAOYSA-N,MWLSOWXNZPKENC,0,no,BRD-A56359832,['REP.A007_HA1E_24H:O13'],inchikey
PINDOLOL,CC(C)NCC(O)COc1cccc2[nH]ccc12,JZQKKSLKJUAGIC-UHFFFAOYSA-N,JZQKKSLKJUAGIC,1,less,BRD-A97701745,['REP.A025_HA1E_24H:A07'],inchikey
MIGLITOL,OCCN1C[C@H](O)[C@@H](O)[C@H](O)[C@H]1CO,IBAQFPQHRJAVAV-ULAWRXDQSA-N,IBAQFPQHRJAVAV,0,no,BRD-A63310107,['REP.A018_HA1E_24H:E13'],inchikey
AFATINIB,CN(C)C/C=C/C(=O)Nc1cc2c(Nc3ccc(F)c(Cl)c3)ncnc2cc1O[C@H]1CCOC1,ULXXDDBFHOBEHA-CWDCEQMOSA-N,ULXXDDBFHOBEHA,0,no,BRD-A58767537,['LJP006_HA1E_24H:G19'],inchikey
OLAPARIB,O=C(c1cc(Cc2n[nH]c(=O)c3ccccc23)ccc1F)N1CCN(C(=O)C2CC2)CC1,FDLYAMZZIXQODN-UHFFFAOYSA-N,FDLYAMZZIXQODN,0,no,BRD-K02113016,"['LJP008_HA1E_24H:D01', 'LJP009_HA1E_24H:P19', 'REP.A012_HA1E_24H:I07']",inchikey
ORLISTAT,CCCCCCCCCCC[C@@H](C[C@@H]1OC(=O)[C@H]1CCCCCC)OC(=O)[C@H](CC(C)C)NC=O,AHLBNYSZXLDEJQ-FWEHEUNISA-N,AHLBNYSZXLDEJQ,0,no,BRD-K63343048,['REP.A018_HA1E_24H:F13'],inchikey
LACTITOL,OC[C@@H](O)[C@@H](O[C@@H]1O[C@H](CO)[C@H](O)[C@H](O)[C@H]1O)[C@H](O)[C@@H](O)CO,VQHSOMBJVWLPSR-JVCRWLNRSA-N,VQHSOMBJVWLPSR,1,less,BRD-A34513497,['REP.A003_HA1E_24H:K13'],inchikey
AVANAFIL,COc1ccc(CNc2nc(N3CCC[C@H]3CO)ncc2C(=O)NCc2ncccn2)cc1Cl,WEAJZXNPAWBCOA-INIZCTEOSA-N,WEAJZXNPAWBCOA,1,less,BRD-K65781196,['REP.A018_HA1E_24H:L13'],inchikey
PIROXICAM,CN1C(C(=O)Nc2ccccn2)=C(O)c2ccccc2S1(=O)=O,QYSPLQLAKJAUJT-UHFFFAOYSA-N,QYSPLQLAKJAUJT,1,most,BRD-A57382968,['REP.A014_HA1E_24H:D19'],name_stripped
PRIMIDONE,CCC1(c2ccccc2)C(=O)NCNC1=O,DQMZLTXERSFNPB-UHFFFAOYSA-N,DQMZLTXERSFNPB,0,no,BRD-K32247306,['REP.A003_HA1E_24H:E01'],inchikey
TEMAZEPAM,CN1C(=O)C(O)N=C(c2ccccc2)c2cc(Cl)ccc21,SEQDDYPDSLOBDC-UHFFFAOYSA-N,SEQDDYPDSLOBDC,1,less,BRD-A93093700,['REP.A028_HA1E_24H:D19'],inchikey
MIGLUSTAT,CCCCN1C[C@H](O)[C@@H](O)[C@H](O)[C@H]1CO,UQRORFVVSGFNRO-UTINFBMNSA-N,UQRORFVVSGFNRO,0,no,BRD-K33251802,['REP.A008_HA1E_24H:F01'],inchikey
VALSARTAN,CCCCC(=O)N(Cc1ccc(-c2ccccc2-c2nnn[nH]2)cc1)[C@H](C(=O)O)C(C)C,ACWBQPMHZXGDFX-QFIPXVFZSA-N,ACWBQPMHZXGDFX,1,less,BRD-K45158365,['REP.A019_HA1E_24H:C01'],inchikey
LETROZOLE,N#Cc1ccc(C(c2ccc(C#N)cc2)n2cncn2)cc1,HPJKCIUCZWXJDR-UHFFFAOYSA-N,HPJKCIUCZWXJDR,1,less,BRD-K88789588,['REP.A008_HA1E_24H:N13'],inchikey
RAMELTEON,CCC(=O)NCC[C@@H]1CCc2ccc3c(c21)CCO3,YLXDSYKOBKBWJQ-LBPRGKRZSA-N,YLXDSYKOBKBWJQ,0,no,BRD-K28761891,['REP.A001_HA1E_24H:I19'],inchikey
PHENYTOIN,O=C1NC(=O)C(c2ccccc2)(c2ccccc2)N1,CXOFVDLJLONNDW-UHFFFAOYSA-N,CXOFVDLJLONNDW,1,most,BRD-K55930204,['REP.A015_HA1E_24H:B19'],inchikey
TADALAFIL,CN1CC(=O)N2[C@H](c3ccc4c(c3)OCO4)c3[nH]c4ccccc4c3C[C@@H]2C1=O,WOXKDUGGOYFFRN-IIBYNOLFSA-N,WOXKDUGGOYFFRN,1,less,BRD-K93645900,['REP.A028_HA1E_24H:E19'],inchikey
FLUTAMIDE,CC(C)C(=O)Nc1ccc([N+](=O)[O-])c(C(F)(F)F)c1,MKXKFYHWDHIYRV-UHFFFAOYSA-N,MKXKFYHWDHIYRV,1,less,BRD-K28307902,['REP.A009_HA1E_24H:A19'],inchikey
ESTRADIOL,CCCCC(=O)O[C@H]1CC[C@H]2[C@@H]3CCc4cc(O)ccc4[C@H]3CC[C@]12C,RSEPBGGWRJCQGY-RBRWEJTLSA-N,RSEPBGGWRJCQGY,1,most,BRD-A18917088,['REP.A006_HA1E_24H:B07'],name_stripped
ALVIMOPAN,C[C@H]1CN(C[C@H](Cc2ccccc2)C(=O)NCC(=O)O)CC[C@@]1(C)c1cccc(O)c1,UPNUIXSCZBYVBB-JVFUWBCBSA-N,UPNUIXSCZBYVBB,1,most,BRD-K07857022,['REP.A027_HA1E_24H:P19'],inchikey
EFAVIRENZ,O=C1Nc2ccc(Cl)cc2[C@@](C#CC2CC2)(C(F)(F)F)O1,XPOQHMRABVBWPR-ZDUSSCGKSA-N,XPOQHMRABVBWPR,1,most,BRD-K40758068,['REP.A013_HA1E_24H:G19'],inchikey
Adenosine,Nc1ncnc2c1ncn2[C@@H]1O[C@H](CO)[C@@H](O)[C@H]1O,OIRDTQYFTABQOQ-KQYNXXCUSA-N,OIRDTQYFTABQOQ,1,most,BRD-K72093121,['REP.A023_HA1E_24H:M19'],inchikey
CLOZAPINE,CN1CCN(C2=Nc3cc(Cl)ccc3Nc3ccccc32)CC1,QZUDBNBUXVUHMW-UHFFFAOYSA-N,QZUDBNBUXVUHMW,1,most,BRD-K37289225,['REP.A013_HA1E_24H:A07'],inchikey
CELECOXIB,Cc1ccc(-c2cc(C(F)(F)F)nn2-c2ccc(S(N)(=O)=O)cc2)cc1,RZEKVGVHFLEQIL-UHFFFAOYSA-N,RZEKVGVHFLEQIL,1,most,BRD-K02637541,['REP.A012_HA1E_24H:L13'],inchikey
STAVUDINE,Cc1cn([C@H]2C=C[C@@H](CO)O2)c(=O)[nH]c1=O,XNKLLVCARDGLGL-JGVFFNPUSA-N,XNKLLVCARDGLGL,0,no,BRD-K93880783,['REP.A027_HA1E_24H:D13'],inchikey
LABETALOL,CC(CCc1ccccc1)NCC(O)c1ccc(O)c(C(N)=O)c1,SGUAFYQXFOLMHL-UHFFFAOYSA-N,SGUAFYQXFOLMHL,1,most,BRD-A07440155,['REP.A011_HA1E_24H:N13'],inchikey
Albuterol,CC(C)(C)NCC(O)c1ccc(O)c(CO)c1,NDAUXUAQIAJITI-UHFFFAOYSA-N,NDAUXUAQIAJITI,1,most,BRD-K34469523,['REP.A003_HA1E_24H:L07'],inchikey
MARAVIROC,Cc1nnc(C(C)C)n1[C@H]1C[C@H]2CC[C@@H](C1)N2CC[C@H](NC(=O)C1CCC(F)(F)CC1)c1ccccc1,GSNHKUDZZFZSJB-QUMGSSFMSA-N,GSNHKUDZZFZSJB,1,most,BRD-A04352665,['REP.A011_HA1E_24H:C01'],inchikey
AMOXAPINE,Clc1ccc2c(c1)C(N1CCNCC1)=Nc1ccccc1O2,QWGDMFLQWFTERH-UHFFFAOYSA-N,QWGDMFLQWFTERH,1,less,BRD-K02265150,['REP.A012_HA1E_24H:I13'],inchikey
ETOPOSIDE,COc1cc([C@@H]2c3cc4c(cc3[C@@H](O[C@@H]3O[C@@H]5CO[C@@H](C)O[C@H]5[C@H](O)[C@H]3O)[C@H]3COC(=O)[C@H]23)OCO4)cc(OC)c1O,VJJPUSNTGOMMGY-MRVIYFEKSA-N,VJJPUSNTGOMMGY,0,no,BRD-A33280134,['REP.A011_HA1E_24H:P19'],inchikey
IBUPROFEN,CC(C)Cc1ccc(C(C)C(=O)O)cc1,HEFNNWSXXWATRW-UHFFFAOYSA-N,HEFNNWSXXWATRW,1,most,BRD-A17655518,['REP.A002_HA1E_24H:L13'],inchikey
RITONAVIR,CC(C)c1nc(CN(C)C(=O)N[C@H](C(=O)N[C@@H](Cc2ccccc2)C[C@H](O)[C@H](Cc2ccccc2)NC(=O)OCc2cncs2)C(C)C)cs1,NCDNCNXCDXHOMX-XGKFQTDJSA-N,NCDNCNXCDXHOMX,1,most,BRD-K51485625,['REP.A007_HA1E_24H:H13'],inchikey
DIAZOXIDE,CC1=Nc2ccc(Cl)cc2S(=O)(=O)N1,GDLBFKVLRPITMI-UHFFFAOYSA-N,GDLBFKVLRPITMI,1,less,BRD-K73109821,['REP.A023_HA1E_24H:P19'],inchikey
MINOXIDIL,Nc1cc(N2CCCCC2)nc(N)[n+]1[O-],ZFMITUMMTDLWHR-UHFFFAOYSA-N,ZFMITUMMTDLWHR,1,most,BRD-K06902185,['REP.A011_HA1E_24H:L07'],inchikey
ENTECAVIR,C=C1[C@H](CO)[C@@H](O)C[C@@H]1n1cnc2c(=O)[nH]c(N)nc21,QDGZDCVAUDNJFG-FXQIFTODSA-N,QDGZDCVAUDNJFG,0,no,BRD-K08206212,['REP.A005_HA1E_24H:C01'],inchikey
TOLVAPTAN,Cc1ccccc1C(=O)Nc1ccc(C(=O)N2CCCC(O)c3cc(Cl)ccc32)c(C)c1,GYHCTFXIZSNGJT-UHFFFAOYSA-N,GYHCTFXIZSNGJT,1,less,BRD-A82035391,['REP.A022_HA1E_24H:P07'],inchikey
RIFABUTIN,CO[C@H]1/C=C/O[C@@]2(C)Oc3c(C)c(O)c4c(c3C2=O)C2=NC3(CCN(CC(C)C)CC3)NC2=C(NC(=O)/C(C)=C\C=C\[C@H](C)[C@H](O)[C@@H](C)[C@@H](O)[C@@H](C)[C@H](OC(C)=O)[C@@H]1C)C4=O,ATEBXHFBFRCZMA-VXTBVIBXSA-N,ATEBXHFBFRCZMA,1,less,BRD-K30563334,['REP.A009_HA1E_24H:G01'],name_stripped
Etomidate,CCOC(=O)c1cncn1[C@H](C)c1ccccc1,NPUKDXXFDDZOKR-LLVKDONJSA-N,NPUKDXXFDDZOKR,1,less,BRD-A54880345,['REP.A016_HA1E_24H:O13'],inchikey
CEFOTETAN,CO[C@@]1(NC(=O)C2SC(=C(C(N)=O)C(=O)O)S2)C(=O)N2C(C(=O)O)=C(CSc3nnnn3C)CS[C@@H]21,SRZNHPXWXCNNDU-RHBCBLIFSA-N,SRZNHPXWXCNNDU,0,no,BRD-A78723049,['REP.A024_HA1E_24H:N19'],inchikey
selinexor,O=C(/C=C\n1cnc(-c2cc(C(F)(F)F)cc(C(F)(F)F)c2)n1)NNc1cnccn1,DEVSOMFAQLZNKR-RJRFIUFISA-N,DEVSOMFAQLZNKR,1,less,BRD-K21361524,['REP.A004_HA1E_24H:E13'],inchikey
IBRUTINIB,C=CC(=O)N1CCC[C@@H](n2nc(-c3ccc(Oc4ccccc4)cc3)c3c(N)ncnc32)C1,XYFPWWZEPKGCCK-GOSISDBHSA-N,XYFPWWZEPKGCCK,1,most,BRD-A35869383,['LJP007_HA1E_24H:H07'],inchikey
ACYCLOVIR,Nc1nc2c(ncn2COCCO)c(=O)[nH]1,MKUXAQIIEYXACX-UHFFFAOYSA-N,MKUXAQIIEYXACX,1,no,BRD-K32318651,['REP.A008_HA1E_24H:E01'],inchikey
FELBAMATE,NC(=O)OCC(COC(N)=O)c1ccccc1,WKGXYQFOCVYPAC-UHFFFAOYSA-N,WKGXYQFOCVYPAC,1,less,BRD-K99107520,['REP.A008_HA1E_24H:B07'],inchikey
MELOXICAM,Cc1cnc(NC(=O)C2=C(O)c3ccccc3S(=O)(=O)N2C)s1,ZRVUJXDFFKFLMG-UHFFFAOYSA-N,ZRVUJXDFFKFLMG,1,most,BRD-A84174393,['REP.A020_HA1E_24H:C01'],name_stripped
ISONIAZID,NNC(=O)c1ccncc1,QRXWMOHMRWLFEY-UHFFFAOYSA-N,QRXWMOHMRWLFEY,0,no,BRD-K87202646,['REP.A008_HA1E_24H:L19'],inchikey
SIROLIMUS,CO[C@H]1C[C@@H]2CC[C@@H](C)[C@@](O)(O2)C(=O)C(=O)N2CCCC[C@H]2C(=O)O[C@H]([C@H](C)C[C@@H]2CC[C@@H](O)[C@H](OC)C2)CC(=O)[C@H](C)/C=C(\C)[C@@H](O)[C@@H](OC)C(=O)[C@H](C)C[C@H](C)/C=C/C=C/C=C/1C,QFJCIRLUMZQUOT-HPLJOQBZSA-N,QFJCIRLUMZQUOT,1,less,BRD-A79768653,"['LJP006_HA1E_24H:L13', 'LJP007_HA1E_24H:B03', 'LJP008_HA1E_24H:B03', 'LJP009_HA1E_24H:B03', 'REP.A024_HA1E_24H:P19']",inchikey
TORSEMIDE,Cc1cccc(Nc2ccncc2S(=O)(=O)NC(=O)NC(C)C)c1,NGBFQHCMQULJNZ-UHFFFAOYSA-N,NGBFQHCMQULJNZ,1,less,BRD-K30480208,['REP.A001_HA1E_24H:O19'],inchikey
SORAFENIB,CNC(=O)c1cc(Oc2ccc(NC(=O)Nc3ccc(Cl)c(C(F)(F)F)c3)cc2)ccn1,MLDQJTXFUGDVEO-UHFFFAOYSA-N,MLDQJTXFUGDVEO,1,most,BRD-K23984367,"['LJP006_HA1E_24H:B07', 'REP.A006_HA1E_24H:P01']",inchikey
Tolcapone,Cc1ccc(C(=O)c2cc(O)c(O)c([N+](=O)[O-])c2)cc1,MIQPIUSUKVNLNT-UHFFFAOYSA-N,MIQPIUSUKVNLNT,1,less,BRD-K10852020,['REP.A005_HA1E_24H:K19'],inchikey
OXAPROZIN,O=C(O)CCc1nc(-c2ccccc2)c(-c2ccccc2)o1,OFPXSFXSNFPTHF-UHFFFAOYSA-N,OFPXSFXSNFPTHF,1,most,BRD-K25394294,['REP.A001_HA1E_24H:B19'],inchikey
NILOTINIB,Cc1cn(-c2cc(NC(=O)c3ccc(C)c(Nc4nccc(-c5cccnc5)n4)c3)cc(C(F)(F)F)c2)cn1,HHZIURLSWUIHRB-UHFFFAOYSA-N,HHZIURLSWUIHRB,1,most,BRD-K81528515,"['LJP005_HA1E_24H:N13', 'REP.A021_HA1E_24H:C13']",inchikey
RIFAXIMIN,CO[C@H]1/C=C/O[C@@]2(C)Oc3c(C)c(O)c4c(O)c(c5c(nc6cc(C)ccn65)c4c3C2=O)NC(=O)/C(C)=C\C=C\[C@H](C)[C@H](O)[C@@H](C)[C@@H](O)[C@@H](C)[C@H](OC(C)=O)[C@@H]1C,NZCRJKRKKOLAOJ-XRCRFVBUSA-N,NZCRJKRKKOLAOJ,0,no,BRD-A62879835,['REP.A017_HA1E_24H:E19'],inchikey
GLASDEGIB,CN1CC[C@@H](NC(=O)Nc2ccc(C#N)cc2)C[C@@H]1c1nc2ccccc2[nH]1,SFNSLLSYNZWZQG-VQIMIIECSA-N,SFNSLLSYNZWZQG,1,most,BRD-K34341643,['REP.A003_HA1E_24H:L01'],inchikey
ivacaftor,CC(C)(C)c1cc(C(C)(C)C)c(NC(=O)c2c[nH]c3ccccc3c2=O)cc1O,PURKAOJPTOLRMP-UHFFFAOYSA-N,PURKAOJPTOLRMP,0,no,BRD-K52818472,['REP.A016_HA1E_24H:F19'],inchikey
MARIBAVIR,CC(C)Nc1nc2cc(Cl)c(Cl)cc2n1[C@H]1O[C@@H](CO)[C@H](O)[C@@H]1O,KJFBVJALEQWJBS-XUXIUFHCSA-N,KJFBVJALEQWJBS,0,no,BRD-K59524082,['REP.A014_HA1E_24H:G07'],inchikey
dasatinib,Cc1nc(Nc2ncc(C(=O)Nc3c(C)cccc3Cl)s2)cc(N2CCN(CCO)CC2)n1,ZBNZXTGUTAYRHI-UHFFFAOYSA-N,ZBNZXTGUTAYRHI,1,most,BRD-K49328571,"['LJP005_HA1E_24H:D01', 'LJP006_HA1E_24H:I01', 'LJP007_HA1E_24H:G13', 'LJP008_HA1E_24H:G13', 'LJP009_HA1E_24H:G13', 'REP.A019_HA1E_24H:L13']",inchikey
UREA C-13,NC(N)=O,XSQUKJJJFZCRTK-UHFFFAOYSA-N,XSQUKJJJFZCRTK,0,no,BRD-K88052444,['REP.A008_HA1E_24H:M13'],inchikey
GEFITINIB,COc1cc2ncnc(Nc3ccc(F)c(Cl)c3)c2cc1OCCCN1CCOCC1,XGALLCVXEZPNRQ-UHFFFAOYSA-N,XGALLCVXEZPNRQ,0,no,BRD-K64052750,"['LJP006_HA1E_24H:N07', 'REP.A018_HA1E_24H:H13']",inchikey
RIOCIGUAT,COC(=O)N(C)c1c(N)nc(-c2nn(Cc3ccccc3F)c3ncccc23)nc1N,WXXSNCNJFUAIDG-UHFFFAOYSA-N,WXXSNCNJFUAIDG,1,less,BRD-K84783599,['REP.A021_HA1E_24H:L07'],inchikey
Cisapride,COc1cc(N)c(Cl)cc1C(=O)NC1CCN(CCCOc2ccc(F)cc2)CC1OC,DCSUBABJRXZOMT-UHFFFAOYSA-N,DCSUBABJRXZOMT,1,most,BRD-A12896037,['REP.A010_HA1E_24H:F01'],inchikey
Sertindole,O=C1NCCN1CCN1CCC(c2cn(-c3ccc(F)cc3)c3ccc(Cl)cc23)CC1,GZKLJWGUPQBVJQ-UHFFFAOYSA-N,GZKLJWGUPQBVJQ,1,most,BRD-K69116396,['REP.A023_HA1E_24H:E19'],inchikey
Mibefradil,COCC(=O)O[C@]1(CCN(C)CCCc2nc3ccccc3[nH]2)CCc2cc(F)ccc2[C@@H]1C(C)C,HBNPJJILLOYFJU-VMPREFPWSA-N,HBNPJJILLOYFJU,1,most,BRD-K09549677,['REP.A005_HA1E_24H:I07'],inchikey
Etoricoxib,Cc1ccc(-c2ncc(Cl)cc2-c2ccc(S(C)(=O)=O)cc2)cn1,MNJVRJDLRVPLFE-UHFFFAOYSA-N,MNJVRJDLRVPLFE,1,most,BRD-K54770957,['REP.A016_HA1E_24H:K01'],inchikey
Benfluorex,CC(Cc1cccc(C(F)(F)F)c1)NCCOC(=O)c1ccccc1,CJAVTWRYCDNHSM-UHFFFAOYSA-N,CJAVTWRYCDNHSM,1,most,BRD-A22305049,['REP.A006_HA1E_24H:L07'],inchikey
Buflomedil,COc1cc(OC)c(C(=O)CCCN2CCCC2)c(OC)c1,OWYLAEYXIQKAOL-UHFFFAOYSA-N,OWYLAEYXIQKAOL,1,most,BRD-K19462402,['REP.A006_HA1E_24H:C13'],inchikey
SUFENTANIL,CCC(=O)N(c1ccccc1)C1(COC)CCN(CCc2cccs2)CC1,GGCSSNBKKAUURC-UHFFFAOYSA-N,GGCSSNBKKAUURC,1,less,BRD-K21547160,['REP.A006_HA1E_24H:I01'],inchikey
ETRAVIRINE,Cc1cc(C#N)cc(C)c1Oc1nc(Nc2ccc(C#N)cc2)nc(N)c1Br,PYGWGZALEOIKDF-UHFFFAOYSA-N,PYGWGZALEOIKDF,1,less,BRD-K74717603,['REP.A025_HA1E_24H:I07'],inchikey
IDELALISIB,CC[C@H](Nc1ncnc2[nH]cnc12)c1nc2cccc(F)c2c(=O)n1-c1ccccc1,IFSDAJWBUCMOAH-HNNXBMFYSA-N,IFSDAJWBUCMOAH,0,no,BRD-K60866521,"['LJP007_HA1E_24H:P01', 'REP.A014_HA1E_24H:I01']",inchikey
macitentan,CCCNS(=O)(=O)Nc1ncnc(OCCOc2ncc(Br)cn2)c1-c1ccc(Br)cc1,JGCMEBMXRHSZKX-UHFFFAOYSA-N,JGCMEBMXRHSZKX,1,less,BRD-K48812570,['REP.A020_HA1E_24H:P01'],inchikey
VANDETANIB,COc1cc2/c(=N/c3ccc(Br)cc3F)nc[nH]c2cc1OCC1CCN(C)CC1,UHTHHESEBZOYNR-UHFFFAOYSA-N,UHTHHESEBZOYNR,1,most,BRD-K77625799,"['LJP007_HA1E_24H:P13', 'REP.A025_HA1E_24H:K19']",inchikey
ZONISAMIDE,NS(=O)(=O)Cc1noc2ccccc12,UBQNRHZMVUUOMG-UHFFFAOYSA-N,UBQNRHZMVUUOMG,1,less,BRD-K48300629,['REP.A019_HA1E_24H:J07'],inchikey
APREPITANT,C[C@@H](O[C@H]1OCCN(Cc2n[nH]c(=O)[nH]2)[C@H]1c1ccc(F)cc1)c1cc(C(F)(F)F)cc(C(F)(F)F)c1,ATALOFNDEOCMKK-OITMNORJSA-N,ATALOFNDEOCMKK,1,less,BRD-K65170927,['REP.A018_HA1E_24H:K01'],inchikey
LAMIVUDINE,Nc1ccn([C@@H]2CS[C@H](CO)O2)c(=O)n1,JTEGQNOMFQHVDC-NKWVEPMBSA-N,JTEGQNOMFQHVDC,0,no,BRD-K02992638,['REP.A012_HA1E_24H:N07'],inchikey
CARVEDILOL,COc1ccccc1OCCNCC(O)COc1cccc2[nH]c3ccccc3c12,OGHNVEJMJSYVRP-UHFFFAOYSA-N,OGHNVEJMJSYVRP,1,most,BRD-A10977446,['REP.A005_HA1E_24H:N07'],inchikey
CITALOPRAM,CN(C)CCCC1(c2ccc(F)cc2)OCc2cc(C#N)ccc21,WSEQXVZVJXJVFP-UHFFFAOYSA-N,WSEQXVZVJXJVFP,1,less,BRD-K70301876,['REP.A023_HA1E_24H:H19'],inchikey
bortezomib,CC(C)C[C@H](NC(=O)[C@H](Cc1ccccc1)NC(=O)c1cnccn1)B(O)O,GXJABQQUPOEUTA-RDJZCZTQSA-N,GXJABQQUPOEUTA,1,most,BRD-K88510285,['REP.A026_HA1E_24H:D13'],inchikey
APREMILAST,CCOc1cc([C@@H](CS(C)(=O)=O)N2C(=O)c3cccc(NC(C)=O)c3C2=O)ccc1OC,IMOZEMNVLZVGJZ-QGZVFWFLSA-N,IMOZEMNVLZVGJZ,0,no,BRD-K93208532,['REP.A027_HA1E_24H:D01'],inchikey
TIPRANAVIR,CCC[C@@]1(CCc2ccccc2)CC(O)=C([C@H](CC)c2cccc(NS(=O)(=O)c3ccc(C(F)(F)F)cn3)c2)C(=O)O1,SUJUHGSWHZTSEU-FYBSXPHGSA-N,SUJUHGSWHZTSEU,0,no,BRD-A10039652,['REP.A005_HA1E_24H:K01'],name_stripped
VALRUBICIN,CCCCC(=O)OCC(=O)[C@]1(O)Cc2c(O)c3c(c(O)c2[C@@H](O[C@H]2C[C@H](NC(=O)C(F)(F)F)[C@H](O)[C@H](C)O2)C1)C(=O)c1c(OC)cccc1C3=O,ZOCKGBMQLCSHFP-KQRAQHLDSA-N,ZOCKGBMQLCSHFP,0,no,BRD-K72951360,['REP.A023_HA1E_24H:O13'],inchikey
IVERMECTIN,CC[C@H](C)[C@H]1O[C@]2(CC[C@@H]1C)C[C@@H]1C[C@@H](C/C=C(\C)[C@@H](O[C@H]3C[C@H](OC)[C@@H](O[C@H]4C[C@H](OC)[C@@H](O)[C@H](C)O4)[C@H](C)O3)[C@@H](C)/C=C/C=C3\CO[C@]4(O)[C@H](O)C(C)=C[C@@H](C(=O)O1)[C@]34O)O2,CCNVFFXHYWBOGH-XLEFBCLLSA-N,CCNVFFXHYWBOGH,1,less,BRD-A48570745,['REP.A019_HA1E_24H:J19'],name_stripped
COBICISTAT,CC(C)c1nc(CN(C)C(=O)N[C@@H](CCN2CCOCC2)C(=O)N[C@H](CC[C@H](Cc2ccccc2)NC(=O)OCc2cncs2)Cc2ccccc2)cs1,ZCIGNRJZKPOIKD-CQXVEOKZSA-N,ZCIGNRJZKPOIKD,0,no,BRD-K51040301,['REP.A007_HA1E_24H:O19'],inchikey
FAMOTIDINE,NC(N)=Nc1nc(CSCC/C(N)=N/S(N)(=O)=O)cs1,XUFQPHANEAPEMJ-UHFFFAOYSA-N,XUFQPHANEAPEMJ,1,less,BRD-K00673382,['REP.A012_HA1E_24H:D19'],inchikey
DIFLUNISAL,O=C(O)c1cc(-c2ccc(F)cc2F)ccc1O,HUPFGZXOMWLGNK-UHFFFAOYSA-N,HUPFGZXOMWLGNK,1,most,BRD-K22031190,['REP.A004_HA1E_24H:G07'],inchikey
IFOSFAMIDE,O=P1(NCCCl)OCCCN1CCCl,HOMGKSMUEGBAAB-UHFFFAOYSA-N,HOMGKSMUEGBAAB,1,most,BRD-A67097164,['REP.A018_HA1E_24H:P01'],inchikey
Venetoclax,CC1(C)CCC(CN2CCN(c3ccc(C(=O)NS(=O)(=O)c4ccc(NCC5CCOCC5)c([N+](=O)[O-])c4)c(Oc4cnc5[nH]ccc5c4)c3)CC2)=C(c2ccc(Cl)cc2)C1,LQBVNQSMGBZMKD-UHFFFAOYSA-N,LQBVNQSMGBZMKD,0,no,BRD-K62391742,['REP.A017_HA1E_24H:G01'],inchikey
MOXIDECTIN,CO/N=C1\C[C@]2(C[C@@H]3C[C@@H](C/C=C(\C)C[C@@H](C)/C=C/C=C4\CO[C@@H]5[C@H](O)C(C)=C[C@@H](C(=O)O3)[C@]45O)O2)O[C@H](/C(C)=C/C(C)C)[C@H]1C,YZBLFMPOMVTDJY-LSGXYNIPSA-N,YZBLFMPOMVTDJY,1,less,BRD-K61988078,['REP.A017_HA1E_24H:N13'],inchikey
CLONAZEPAM,O=C1CN=C(c2ccccc2Cl)c2cc([N+](=O)[O-])ccc2N1,DGBIGWXXNGSACT-UHFFFAOYSA-N,DGBIGWXXNGSACT,1,less,BRD-K38183498,['REP.A013_HA1E_24H:D19'],inchikey
NIMODIPINE,COCCOC(=O)C1=C(C)NC(C)=C(C(=O)OC(C)C)C1c1cccc([N+](=O)[O-])c1,UIAGMCDKSXEBJQ-UHFFFAOYSA-N,UIAGMCDKSXEBJQ,1,less,BRD-A58048407,['REP.A015_HA1E_24H:G19'],inchikey
SILDENAFIL,CCCc1nn(C)c2c(=O)[nH]c(-c3cc(S(=O)(=O)N4CCN(C)CC4)ccc3OCC)nc12,BNRNXUUZRGQAQC-UHFFFAOYSA-N,BNRNXUUZRGQAQC,1,less,BRD-K79759585,['REP.A024_HA1E_24H:O19'],inchikey
METHYLDOPA,C[C@](N)(Cc1ccc(O)c(O)c1)C(=O)O,CJCSPKMFHVPWAR-JTQLQIEISA-N,CJCSPKMFHVPWAR,1,less,BRD-K48578705,['REP.A020_HA1E_24H:M19'],inchikey
ZIDOVUDINE,Cc1cn([C@H]2C[C@H](N=[N+]=[N-])[C@@H](CO)O2)c(=O)[nH]c1=O,HBOMLICNUCNMMY-XLPZGREQSA-N,HBOMLICNUCNMMY,1,less,BRD-A33692381,['REP.A009_HA1E_24H:M19'],inchikey
LONAFARNIB,NC(=O)N1CCC(CC(=O)N2CCC([C@H]3c4ncc(Br)cc4CCc4cc(Cl)cc(Br)c43)CC2)CC1,DHMTURDWPRKSOA-RUZDIDTESA-N,DHMTURDWPRKSOA,1,less,BRD-K41599323,['REP.A014_HA1E_24H:P13'],inchikey
LORATADINE,CCOC(=O)N1CCC(=C2c3ccc(Cl)cc3CCc3cccnc32)CC1,JCCNYMKQOSZNPW-UHFFFAOYSA-N,JCCNYMKQOSZNPW,0,no,BRD-K82795137,['REP.A021_HA1E_24H:G07'],inchikey
RANITIDINE,CNC(=C[N+](=O)[O-])NCCSCc1ccc(CN(C)C)o1,VMXUWOKSQNHOCA-UHFFFAOYSA-N,VMXUWOKSQNHOCA,1,less,BRD-K70505054,['REP.A023_HA1E_24H:I07'],inchikey
EPLERENONE,COC(=O)[C@@H]1CC2=CC(=O)CC[C@]2(C)[C@@]23O[C@@H]2C[C@@]2(C)[C@@H](CC[C@@]24CCC(=O)O4)[C@H]13,JUKPWJGBANNWMW-VWBFHTRKSA-N,JUKPWJGBANNWMW,1,less,BRD-K19761926,['REP.A006_HA1E_24H:F01'],inchikey
Tizanidine,Clc1ccc2nsnc2c1NC1=NCCN1,XFYDIVBRZNQMJC-UHFFFAOYSA-N,XFYDIVBRZNQMJC,1,less,BRD-K06335600,['REP.A011_HA1E_24H:J01'],inchikey
CIMETIDINE,CN/C(=N\CCSCc1nc[nH]c1C)NC#N,AQIXAKUUQRKLND-UHFFFAOYSA-N,AQIXAKUUQRKLND,1,less,BRD-K34157611,['REP.A009_HA1E_24H:O13'],inchikey
PROBENECID,CCCN(CCC)S(=O)(=O)c1ccc(C(=O)O)cc1,DBABZHXKTCFAPX-UHFFFAOYSA-N,DBABZHXKTCFAPX,0,no,BRD-K95237249,['REP.A028_HA1E_24H:J07'],inchikey
FELODIPINE,CCOC(=O)C1=C(C)NC(C)=C(C(=O)OC)C1c1cccc(Cl)c1Cl,RZTAMFZIAATZDJ-UHFFFAOYSA-N,RZTAMFZIAATZDJ,1,less,BRD-A30815329,['REP.A009_HA1E_24H:G07'],inchikey
Fomepizole,Cc1cn[nH]c1,RIKMMFOAQPJVMX-UHFFFAOYSA-N,RIKMMFOAQPJVMX,1,less,BRD-K56810756,['REP.A015_HA1E_24H:F01'],inchikey
VORINOSTAT,O=C(CCCCCCC(=O)Nc1ccccc1)NO,WAEXFXRVDQXREF-UHFFFAOYSA-N,WAEXFXRVDQXREF,1,less,BRD-K81418486,"['LJP007_HA1E_24H:A03', 'LJP008_HA1E_24H:A03', 'LJP008_HA1E_24H:G07', 'LJP009_HA1E_24H:A03']",inchikey
LETERMOVIR,COc1cccc(N2CCN(C3=Nc4c(F)cccc4[C@H](CC(=O)O)N3c3cc(C(F)(F)F)ccc3OC)CC2)c1,FWYSMLBETOMXAG-QHCPKHFHSA-N,FWYSMLBETOMXAG,1,less,BRD-K94288301,['REP.A027_HA1E_24H:L07'],inchikey
LACOSAMIDE,COC[C@@H](NC(C)=O)C(=O)NCc1ccccc1,VPPJLAIAVCUEMN-GFCCVEGCSA-N,VPPJLAIAVCUEMN,1,most,BRD-K68232650,['REP.A023_HA1E_24H:C01'],inchikey
RUFINAMIDE,NC(=O)c1cn(Cc2c(F)cccc2F)nn1,POGQSBRIGCQNEG-UHFFFAOYSA-N,POGQSBRIGCQNEG,1,less,BRD-K20079257,['REP.A006_HA1E_24H:F19'],inchikey
DECITABINE,Nc1ncn([C@H]2C[C@H](O)[C@@H](CO)O2)c(=O)n1,XAUDJQYHKZQPEU-KVQBGUIXSA-N,XAUDJQYHKZQPEU,1,less,BRD-K79254416,"['LJP008_HA1E_24H:M13', 'REP.A022_HA1E_24H:B19']",inchikey
VARDENAFIL,CCCc1nc(C)c2c(=O)nc(-c3cc(S(=O)(=O)N4CCN(CC)CC4)ccc3OCC)[nH]n12,SECKRCOLJRRGGV-UHFFFAOYSA-N,SECKRCOLJRRGGV,1,most,BRD-K13926615,['REP.A010_HA1E_24H:I13'],inchikey
CRIZOTINIB,C[C@@H](Oc1cc(-c2cnn(C3CCNCC3)c2)cnc1N)c1c(Cl)ccc(F)c1Cl,KTEIFNKAUNYNJU-GFCCVEGCSA-N,KTEIFNKAUNYNJU,1,most,BRD-K78431006,"['LJP005_HA1E_24H:A19', 'REP.A024_HA1E_24H:N01']",inchikey
TACROLIMUS,C=CC[C@@H]1/C=C(\C)C[C@H](C)C[C@H](OC)[C@H]2O[C@@](O)(C(=O)C(=O)N3CCCC[C@H]3C(=O)O[C@H](/C(C)=C/[C@@H]3CC[C@@H](O)[C@H](OC)C3)[C@H](C)[C@@H](O)CC1=O)[C@H](C)C[C@@H]2OC,QJJXYPPXXYFBGM-LFZNUXCKSA-N,QJJXYPPXXYFBGM,1,most,BRD-A96754982,['REP.A028_HA1E_24H:N07'],inchikey
FLUMAZENIL,CCOC(=O)c1ncn2c1CN(C)C(=O)c1cc(F)ccc1-2,OFBIFZUFASYYRE-UHFFFAOYSA-N,OFBIFZUFASYYRE,1,most,BRD-K98769987,['REP.A026_HA1E_24H:M01'],inchikey
paclitaxel,CC(=O)O[C@H]1C(=O)[C@@]2(C)[C@H]([C@H](OC(=O)c3ccccc3)[C@]3(O)C[C@H](OC(=O)[C@H](O)[C@@H](NC(=O)c4ccccc4)c4ccccc4)C(C)=C1C3(C)C)[C@]1(OC(C)=O)CO[C@@H]1C[C@@H]2O,RCINICONZNJXQF-MZXODVADSA-N,RCINICONZNJXQF,1,less,BRD-A28746609,['REP.A009_HA1E_24H:H19'],inchikey
LISINOPRIL,NCCCC[C@H](N[C@@H](CCc1ccccc1)C(=O)O)C(=O)N1CCC[C@H]1C(=O)O,RLAWWYSOJDYHDC-BZSNNMDCSA-N,RLAWWYSOJDYHDC,1,less,BRD-K67966701,['REP.A023_HA1E_24H:A13'],inchikey
AMANTADINE,NC12CC3CC(CC(C3)C1)C2,DKNWSYNQZKUICI-UHFFFAOYSA-N,DKNWSYNQZKUICI,1,less,BRD-K70330367,['REP.A022_HA1E_24H:E19'],inchikey
Calcitriol,C=C1/C(=C\C=C2/CCC[C@]3(C)[C@@H]([C@H](C)CCCC(C)(C)O)CC[C@@H]23)C[C@@H](O)C[C@@H]1O,GMRQFYUYWCNGIN-NKMMMXOESA-N,GMRQFYUYWCNGIN,1,less,BRD-K28731095,['REP.A001_HA1E_24H:I13'],inchikey
INDAPAMIDE,CC1Cc2ccccc2N1NC(=O)c1ccc(Cl)c(S(N)(=O)=O)c1,NDDAHWYSQHTHNT-UHFFFAOYSA-N,NDDAHWYSQHTHNT,1,less,BRD-A95869247,['REP.A027_HA1E_24H:G01'],inchikey
EVEROLIMUS,CO[C@H]1C[C@@H]2CC[C@@H](C)[C@@](O)(O2)C(=O)C(=O)N2CCCC[C@H]2C(=O)O[C@H]([C@H](C)C[C@@H]2CC[C@@H](OCCO)[C@H](OC)C2)CC(=O)[C@H](C)/C=C(\C)[C@@H](O)[C@@H](OC)C(=O)[C@H](C)C[C@H](C)/C=C/C=C/C=C/1C,HKVAMNSJSFKALM-GKUWKFKPSA-N,HKVAMNSJSFKALM,1,less,BRD-K13154216,['REP.A010_HA1E_24H:H01'],inchikey
TICAGRELOR,CCCSc1nc(N[C@@H]2C[C@H]2c2ccc(F)c(F)c2)c2nnn([C@@H]3C[C@H](OCCO)[C@@H](O)[C@H]3O)c2n1,OEKWJQXRCDYSHL-FNOIDJSQSA-N,OEKWJQXRCDYSHL,1,most,BRD-K44974079,['REP.A019_HA1E_24H:A19'],inchikey
RANOLAZINE,COc1ccccc1OCC(O)CN1CCN(CC(=O)Nc2c(C)cccc2C)CC1,XKLMZUWKNUAPSZ-UHFFFAOYSA-N,XKLMZUWKNUAPSZ,1,most,BRD-A97674275,['REP.A027_HA1E_24H:J19'],inchikey
FUROSEMIDE,NS(=O)(=O)c1cc(C(=O)O)c(NCc2ccco2)cc1Cl,ZZUFCTLCJUWOSV-UHFFFAOYSA-N,ZZUFCTLCJUWOSV,1,less,BRD-K78010432,['REP.A024_HA1E_24H:K13'],inchikey
BEXAROTENE,C=C(c1ccc(C(=O)O)cc1)c1cc2c(cc1C)C(C)(C)CCC2(C)C,NAVMQTYZDKMPEU-UHFFFAOYSA-N,NAVMQTYZDKMPEU,1,less,BRD-K92441787,['REP.A028_HA1E_24H:A13'],inchikey
FOLIC ACID,Nc1nc(=O)c2nc(CNc3ccc(C(=O)N[C@@H](CCC(=O)O)C(=O)O)cc3)cnc2[nH]1,OVBPIULPVIDEAO-LBPRGKRZSA-N,OVBPIULPVIDEAO,0,no,BRD-K18673820,['REP.A002_HA1E_24H:O19'],inchikey
KETOPROFEN,CC(C(=O)O)c1cccc(C(=O)c2ccccc2)c1,DKYWVDODHFEZIM-UHFFFAOYSA-N,DKYWVDODHFEZIM,1,most,BRD-A97739905,['REP.A027_HA1E_24H:O13'],inchikey
LENVATINIB,COc1cc2nccc(Oc3ccc(NC(=O)NC4CC4)c(Cl)c3)c2cc1C(N)=O,WOSKHXYHFSIKNG-UHFFFAOYSA-N,WOSKHXYHFSIKNG,1,most,BRD-K39974922,['REP.A013_HA1E_24H:G01'],inchikey
Exemestane,C=C1C[C@@H]2[C@H](CC[C@]3(C)C(=O)CC[C@@H]23)[C@@]2(C)C=CC(=O)C=C12,BFYIZQONLCFLEV-DAELLWKTSA-N,BFYIZQONLCFLEV,1,less,BRD-A73741725,['REP.A024_HA1E_24H:A19'],inchikey
OMEPRAZOLE,COc1ccc2[nH]c([S+]([O-])Cc3ncc(C)c(OC)c3C)nc2c1,SUBDBMMJDZJVOS-UHFFFAOYSA-N,SUBDBMMJDZJVOS,1,less,BRD-A55962179,['REP.A014_HA1E_24H:B07'],inchikey
Cladribine,Nc1nc(Cl)nc2c1ncn2[C@H]1C[C@H](O)[C@@H](CO)O1,PTOAARAWEBMLNO-KVQBGUIXSA-N,PTOAARAWEBMLNO,1,most,BRD-K93034159,['REP.A027_HA1E_24H:K01'],inchikey
NEVIRAPINE,Cc1ccnc2c1NC(=O)c1cccnc1N2C1CC1,NQDJXKOVJZTUJA-UHFFFAOYSA-N,NQDJXKOVJZTUJA,0,no,BRD-K15502390,['REP.A002_HA1E_24H:A07'],inchikey
OLANZAPINE,Cc1cc2c(s1)Nc1ccccc1N=C2N1CCN(C)CC1,KVWDHTXUZHCGIO-UHFFFAOYSA-N,KVWDHTXUZHCGIO,1,less,BRD-K18895904,['REP.A006_HA1E_24H:A07'],inchikey
CILOSTAZOL,O=C1CCc2cc(OCCCCc3nnnn3C3CCCCC3)ccc2N1,RRGUKTPIGVIEKM-UHFFFAOYSA-N,RRGUKTPIGVIEKM,1,most,BRD-K67017579,['REP.A017_HA1E_24H:L13'],inchikey
ARGATROBAN,CC1CNc2c(cccc2S(=O)(=O)N[C@@H](CCCNC(=N)N)C(=O)N2CC[C@@H](C)C[C@@H]2C(=O)O)C1,KXNPVXPOPUZYGB-IOVMHBDKSA-N,KXNPVXPOPUZYGB,1,less,BRD-A10012892,['REP.A005_HA1E_24H:J19'],inchikey
suvorexant,Cc1ccc(-n2nccn2)c(C(=O)N2CCN(c3nc4cc(Cl)ccc4o3)CC[C@H]2C)c1,JYTNQNCOQXFQPK-MRXNPFEDSA-N,JYTNQNCOQXFQPK,1,less,BRD-K94293891,['REP.A028_HA1E_24H:H13'],inchikey
NELARABINE,COc1nc(N)nc2c1ncn2[C@@H]1O[C@H](CO)[C@@H](O)[C@@H]1O,IXOXBSCIXZEQEQ-UHTZMRCNSA-N,IXOXBSCIXZEQEQ,0,no,BRD-K84466663,['REP.A020_HA1E_24H:D01'],inchikey
VISMODEGIB,CS(=O)(=O)c1ccc(C(=O)Nc2ccc(Cl)c(-c3ccccn3)c2)c(Cl)c1,BPQMGSKTAYIVFO-UHFFFAOYSA-N,BPQMGSKTAYIVFO,0,no,BRD-K44827188,['REP.A017_HA1E_24H:D01'],inchikey
DICLOFENAC,O=C(O)Cc1ccccc1Nc1c(Cl)cccc1Cl,DCOPUUMXTXDBNB-UHFFFAOYSA-N,DCOPUUMXTXDBNB,1,most,BRD-K08252256,['REP.A005_HA1E_24H:C07'],inchikey
ISRADIPINE,COC(=O)C1=C(C)NC(C)=C(C(=O)OC(C)C)C1c1cccc2nonc12,HMJIYCCIJYRONP-UHFFFAOYSA-N,HMJIYCCIJYRONP,1,less,BRD-A90799790,['REP.A025_HA1E_24H:D01'],inchikey
ATOVAQUONE,O=C1C(O)=C([C@H]2CC[C@H](c3ccc(Cl)cc3)CC2)C(=O)c2ccccc21,KUCQYCKVKVOKAY-CTYIDZIISA-N,KUCQYCKVKVOKAY,0,no,BRD-A19795905,['REP.A006_HA1E_24H:E07'],name_stripped
METOLAZONE,Cc1ccccc1N1C(=O)c2cc(S(N)(=O)=O)c(Cl)cc2NC1C,AQCHWTWZEMGIFD-UHFFFAOYSA-N,AQCHWTWZEMGIFD,1,less,BRD-A61793559,['REP.A017_HA1E_24H:M13'],inchikey
DISULFIRAM,CCN(CC)C(=S)SSC(=S)N(CC)CC,AUZONCFQVSMFAP-UHFFFAOYSA-N,AUZONCFQVSMFAP,0,no,BRD-K32744045,['REP.A003_HA1E_24H:E19'],inchikey
COLCHICINE,COc1cc2c(c(OC)c1OC)-c1ccc(OC)c(=O)cc1[C@@H](NC(C)=O)CC2,IAKHMKGGTNLKSZ-INIZCTEOSA-N,IAKHMKGGTNLKSZ,0,no,BRD-K00259736,['REP.A012_HA1E_24H:A19'],inchikey
cytarabine,Nc1ccn([C@@H]2O[C@H](CO)[C@@H](O)[C@@H]2O)c(=O)n1,UHDGCWIWMRVCDJ-CCXZUQQUSA-N,UHDGCWIWMRVCDJ,1,less,BRD-K33106058,['REP.A009_HA1E_24H:M07'],inchikey
bumetanide,CCCCNc1cc(C(=O)O)cc(S(N)(=O)=O)c1Oc1ccccc1,MAEIEVLCKWDQJH-UHFFFAOYSA-N,MAEIEVLCKWDQJH,1,less,BRD-K38197229,['REP.A014_HA1E_24H:M07'],inchikey
DROPERIDOL,O=C(CCCN1CC=C(n2c(=O)[nH]c3ccccc32)CC1)c1ccc(F)cc1,RMEDXOLNCUSCGS-UHFFFAOYSA-N,RMEDXOLNCUSCGS,1,most,BRD-K97158071,['REP.A027_HA1E_24H:J01'],inchikey
BELINOSTAT,O=C(/C=C/c1cccc(S(=O)(=O)Nc2ccccc2)c1)NO,NCNRHFGMJRPRSK-MDZDMXLPSA-N,NCNRHFGMJRPRSK,1,less,BRD-K17743125,"['LJP008_HA1E_24H:L19', 'REP.A002_HA1E_24H:L19']",inchikey
FIDAXOMICIN,CCc1c(Cl)c(O)c(Cl)c(O)c1C(=O)O[C@H]1[C@H](O)[C@H](OC)[C@H](OC/C2=C\C=C\C[C@H](O)/C(C)=C/[C@H](CC)[C@@H](O[C@@H]3OC(C)(C)[C@@H](OC(=O)C(C)C)[C@H](O)[C@@H]3O)/C(C)=C/C(C)=C/C[C@@H]([C@@H](C)O)OC2=O)O[C@@H]1C,ZVGNESXIJDCBKN-UUEYKCAUSA-N,ZVGNESXIJDCBKN,0,no,BRD-K57371763,['REP.A014_HA1E_24H:D13'],inchikey
Fulvestrant,C[C@]12CC[C@@H]3c4ccc(O)cc4C[C@@H](CCCCCCCCC[S@+]([O-])CCCC(F)(F)C(F)(F)F)[C@H]3[C@@H]1CC[C@@H]2O,VWUXBMIQPBEWFH-GXZKXCMSSA-N,VWUXBMIQPBEWFH,0,no,BRD-A03249105,['REP.A012_HA1E_24H:O07'],inchikey
Dronedarone,CCCCc1oc2ccc(NS(C)(=O)=O)cc2c1C(=O)c1ccc(OCCCN(CCCC)CCCC)cc1,ZQTNQVWKHCQYLQ-UHFFFAOYSA-N,ZQTNQVWKHCQYLQ,1,most,BRD-K05524748,['REP.A011_HA1E_24H:G01'],inchikey
baricitinib,CCS(=O)(=O)N1CC(CC#N)(n2cc(-c3ncnc4[nH]ccc34)cn2)C1,XUZMWHLSFXCVMG-UHFFFAOYSA-N,XUZMWHLSFXCVMG,1,most,BRD-K53581288,['REP.A007_HA1E_24H:J19'],inchikey
ALLOPURINOL,Oc1ncnc2[nH]ncc12,OFCNXPDARWKPPY-UHFFFAOYSA-N,OFCNXPDARWKPPY,1,less,BRD-K86307448,['REP.A021_HA1E_24H:O07'],inchikey
FINASTERIDE,CC(C)(C)NC(=O)[C@H]1CC[C@H]2[C@@H]3CC[C@H]4NC(=O)C=C[C@]4(C)[C@H]3CC[C@]12C,DBEPLOCGEIEOCV-WSBQPABSSA-N,DBEPLOCGEIEOCV,1,less,BRD-A83081521,['REP.A020_HA1E_24H:A13'],inchikey
THIOTHIXENE,CN1CCN(CC/C=C2/c3ccccc3Sc3ccc(S(=O)(=O)N(C)C)cc32)CC1,GFBKORZTTCHDGY-UWVJOHFNSA-N,GFBKORZTTCHDGY,1,less,BRD-K97309399,['REP.A027_HA1E_24H:K19'],inchikey
MIDOSTAURIN,CO[C@@H]1[C@H](N(C)C(=O)c2ccccc2)C[C@H]2O[C@]1(C)n1c3ccccc3c3c4c(c5c6ccccc6n2c5c31)C(=O)NC4,BMGQWWVMWDBQGC-IIFHNQTCSA-N,BMGQWWVMWDBQGC,1,less,BRD-K13646352,['REP.A010_HA1E_24H:I01'],inchikey
FLUCONAZOLE,OC(Cn1cncn1)(Cn1cncn1)c1ccc(F)cc1F,RFHAOTPXVQNOHP-UHFFFAOYSA-N,RFHAOTPXVQNOHP,1,most,BRD-K05977355,['REP.A011_HA1E_24H:G19'],inchikey
PROPAFENONE,CCCNCC(O)COc1ccccc1C(=O)CCc1ccccc1,JWHAUXFOSRPERK-UHFFFAOYSA-N,JWHAUXFOSRPERK,1,most,BRD-A26334849,['REP.A001_HA1E_24H:D19'],inchikey
OXANDROLONE,C[C@]12COC(=O)C[C@@H]1CC[C@@H]1[C@@H]2CC[C@@]2(C)[C@H]1CC[C@]2(C)O,QSLJIVKCVHQPLV-PEMPUTJUSA-N,QSLJIVKCVHQPLV,0,no,BRD-K92467929,['REP.A028_HA1E_24H:B13'],inchikey
REPAGLINIDE,CCOc1cc(CC(=O)N[C@@H](CC(C)C)c2ccccc2N2CCCCC2)ccc1C(=O)O,FAEKWTJYAYMJKF-QHCPKHFHSA-N,FAEKWTJYAYMJKF,1,less,BRD-K82846253,['REP.A021_HA1E_24H:H07'],inchikey
RISPERIDONE,Cc1nc2n(c(=O)c1CCN1CCC(c3noc4cc(F)ccc34)CC1)CCCC2,RAPZEAPATHNIPO-UHFFFAOYSA-N,RAPZEAPATHNIPO,1,less,BRD-K53857191,['REP.A016_HA1E_24H:J01'],inchikey
BELUMOSUDIL,CC(C)NC(=O)COc1cccc(-c2nc(Nc3ccc4[nH]ncc4c3)c3ccccc3n2)c1,GKHIVNAUVKXIIY-UHFFFAOYSA-N,GKHIVNAUVKXIIY,1,less,BRD-K88506063,['REP.A026_HA1E_24H:C13'],inchikey
RUXOLITINIB,N#CC[C@H](C1CCCC1)n1cc(-c2ncnc3[nH]ccc23)cn1,HFNKQEVNSGCOJV-OAHLLOKOSA-N,HFNKQEVNSGCOJV,1,most,BRD-K53972329,['LJP005_HA1E_24H:O13'],inchikey
mebendazole,COC(=O)Nc1nc2cc(C(=O)c3ccccc3)ccc2[nH]1,OPXLLQIJSORQAM-UHFFFAOYSA-N,OPXLLQIJSORQAM,0,no,BRD-K77987382,['REP.A015_HA1E_24H:I01'],inchikey
PIRFENIDONE,Cc1ccc(=O)n(-c2ccccc2)c1,ISWRGOKTTBVCFA-UHFFFAOYSA-N,ISWRGOKTTBVCFA,0,no,BRD-K96862998,['REP.A028_HA1E_24H:M13'],inchikey
DARIFENACIN,NC(=O)C(c1ccccc1)(c1ccccc1)[C@@H]1CCN(CCc2ccc3c(c2)CCO3)C1,HXGBXQDTNZMWGS-RUZDIDTESA-N,HXGBXQDTNZMWGS,1,less,BRD-K95773607,['REP.A027_HA1E_24H:F19'],inchikey
ALBENDAZOLE,CCCSc1ccc2[nH]c(NC(=O)OC)nc2c1,HXHWSAZORRCQMX-UHFFFAOYSA-N,HXHWSAZORRCQMX,0,no,BRD-K79131256,['REP.A025_HA1E_24H:P01'],inchikey
VENLAFAXINE,COc1ccc(C(CN(C)C)C2(O)CCCCC2)cc1,PNVNVHUZROJLTJ-UHFFFAOYSA-N,PNVNVHUZROJLTJ,1,less,BRD-A51714012,['REP.A016_HA1E_24H:D07'],inchikey
HALOPERIDOL,O=C(CCCN1CCC(O)(c2ccc(Cl)cc2)CC1)c1ccc(F)cc1,LNEPOXFFQSENCJ-UHFFFAOYSA-N,LNEPOXFFQSENCJ,1,most,BRD-K67783091,['REP.A017_HA1E_24H:N07'],inchikey
PHENTERMINE,CC(C)(N)Cc1ccccc1,DHHVAGZRUROJKS-UHFFFAOYSA-N,DHHVAGZRUROJKS,1,less,BRD-K96319534,['REP.A027_HA1E_24H:G07'],inchikey
THIOGUANINE,Nc1nc2[nH]cnc2c(=S)[nH]1,WYWHKKSPHMUBEB-UHFFFAOYSA-N,WYWHKKSPHMUBEB,0,no,BRD-K49350383,['REP.A019_HA1E_24H:K19'],inchikey
PALBOCICLIB,CC(=O)c1c(C)c2cnc(Nc3ccc(N4CCNCC4)cn3)nc2n(C2CCCC2)c1=O,AHJRHEGDXFFMBM-UHFFFAOYSA-N,AHJRHEGDXFFMBM,0,no,BRD-K51313569,"['LJP006_HA1E_24H:E13', 'REP.A016_HA1E_24H:A19']",inchikey
CHOLIC ACID,C[C@H](CCC(=O)O)[C@H]1CC[C@H]2[C@@H]3[C@H](O)C[C@@H]4C[C@H](O)CC[C@]4(C)[C@H]3C[C@H](O)[C@]12C,BHQCQFFYRZLCQQ-OELDTZBJSA-N,BHQCQFFYRZLCQQ,0,no,BRD-K43164539,['REP.A013_HA1E_24H:M13'],inchikey
rivaroxaban,O=C(NC[C@H]1CN(c2ccc(N3CCOCC3=O)cc2)C(=O)O1)c1ccc(Cl)s1,KGFYHTZWPPHNLQ-AWEZNQCLSA-N,KGFYHTZWPPHNLQ,0,no,BRD-A50033377,['REP.A020_HA1E_24H:P19'],inchikey
SIMVASTATIN,CCC(C)(C)C(=O)O[C@H]1C[C@@H](C)C=C2C=C[C@H](C)[C@H](CC[C@@H]3C[C@@H](O)CC(=O)O3)[C@H]21,RYMZZMVNJRMUDD-HGQWONQESA-N,RYMZZMVNJRMUDD,1,less,BRD-K22134346,['REP.A004_HA1E_24H:L19'],inchikey
CARIPRAZINE,CN(C)C(=O)N[C@H]1CC[C@H](CCN2CCN(c3cccc(Cl)c3Cl)CC2)CC1,KPWSJANDNDDRMB-QAQDUYKDSA-N,KPWSJANDNDDRMB,1,less,BRD-K57764956,['REP.A014_HA1E_24H:J19'],inchikey
MIRTAZAPINE,CN1CCN2c3ncccc3Cc3ccccc3C2C1,RONZAEMNMFQXRA-UHFFFAOYSA-N,RONZAEMNMFQXRA,1,most,BRD-A64977602,['REP.A017_HA1E_24H:I13'],inchikey
NATEGLINIDE,CC(C)[C@H]1CC[C@H](C(=O)N[C@H](Cc2ccccc2)C(=O)O)CC1,OELFLUMRDSZNSF-BRWVUGGUSA-N,OELFLUMRDSZNSF,0,no,BRD-K44353683,['REP.A013_HA1E_24H:P19'],inchikey
ANASTROZOLE,CC(C)(C#N)c1cc(Cn2cncn2)cc(C(C)(C)C#N)c1,YBBLVLTVTVSKRW-UHFFFAOYSA-N,YBBLVLTVTVSKRW,1,less,BRD-K52172416,['REP.A007_HA1E_24H:I01'],inchikey
Lidoflazine,Cc1cccc(C)c1NC(=O)CN1CCN(CCCC(c2ccc(F)cc2)c2ccc(F)cc2)CC1,ZBIAKUMOEKILTF-UHFFFAOYSA-N,ZBIAKUMOEKILTF,1,most,BRD-K62996583,['REP.A017_HA1E_24H:H01'],inchikey
triptorelin,CC(C)C[C@H](NC(=O)[C@@H](Cc1c[nH]c2ccccc12)NC(=O)[C@H](Cc1ccc(O)cc1)NC(=O)[C@H](CO)NC(=O)[C@H](Cc1c[nH]c2ccccc12)NC(=O)[C@H](Cc1c[nH]cn1)NC(=O)[C@@H]1CCC(=O)N1)C(=O)N[C@@H](CCCNC(=N)N)C(=O)N1CCC[C@H]1C(=O)NCC(N)=O,VXKHXGOKWPXYNA-PGBVPBMZSA-N,VXKHXGOKWPXYNA,1,less,BRD-K62685538,['REP.A018_HA1E_24H:C13'],inchikey
PASIREOTIDE,NCCCC[C@@H]1NC(=O)[C@@H](Cc2c[nH]c3ccccc23)NC(=O)[C@H](c2ccccc2)NC(=O)[C@@H]2C[C@@H](OC(=O)NCCN)CN2C(=O)[C@H](Cc2ccccc2)NC(=O)[C@H](Cc2ccc(OCc3ccccc3)cc2)NC1=O,VMZMNAABQBOLAK-DBILLSOUSA-N,VMZMNAABQBOLAK,1,most,BRD-K59715032,['REP.A015_HA1E_24H:N01'],inchikey
ONDANSETRON,Cc1nccn1CC1CCc2c(c3ccccc3n2C)C1=O,FELGMEQIXOGIFQ-UHFFFAOYSA-N,FELGMEQIXOGIFQ,1,most,BRD-A19736161,['REP.A004_HA1E_24H:C13'],inchikey
DEFERIPRONE,Cc1c(O)c(=O)ccn1C,TZXKOCQBRNJULO-UHFFFAOYSA-N,TZXKOCQBRNJULO,1,less,BRD-K06878038,['REP.A011_HA1E_24H:K01'],inchikey
CARFILZOMIB,CC(C)C[C@H](NC(=O)[C@H](CCc1ccccc1)NC(=O)CN1CCOCC1)C(=O)N[C@@H](Cc1ccccc1)C(=O)N[C@@H](CC(C)C)C(=O)[C@@]1(C)CO1,BLMPQMFVWMYDKT-NZTKNTHTSA-N,BLMPQMFVWMYDKT,1,most,BRD-K15179879,['REP.A010_HA1E_24H:P01'],inchikey
METHIMAZOLE,Cn1ccnc1S,PMRYVIKBURPHAH-UHFFFAOYSA-N,PMRYVIKBURPHAH,0,no,BRD-K54416256,['REP.A016_HA1E_24H:J19'],inchikey
REGADENOSON,CNC(=O)c1cnn(-c2nc(N)c3ncn([C@@H]4O[C@H](CO)[C@@H](O)[C@H]4O)c3n2)c1,LZPZPHGJDAGEJZ-AKAIJSEGSA-N,LZPZPHGJDAGEJZ,1,most,BRD-A78341343,['REP.A024_HA1E_24H:M01'],inchikey
SECNIDAZOLE,Cc1ncc([N+](=O)[O-])n1CC(C)O,KPQZUUQMTUIKBP-UHFFFAOYSA-N,KPQZUUQMTUIKBP,0,no,BRD-A70083328,['REP.A023_HA1E_24H:H13'],inchikey
AZACITIDINE,Nc1ncn([C@@H]2O[C@H](CO)[C@@H](O)[C@H]2O)c(=O)n1,NMUSYJAQQFHJEW-KVTDHHQDSA-N,NMUSYJAQQFHJEW,1,less,BRD-K03406345,['LJP008_HA1E_24H:G19'],inchikey
SELUMETINIB,Cn1cnc2c(F)c(Nc3ccc(Br)cc3Cl)c(C(=O)NOCCO)cc21,CYOHGALHFOKKQC-UHFFFAOYSA-N,CYOHGALHFOKKQC,1,most,BRD-K57080016,"['LJP006_HA1E_24H:M07', 'REP.A015_HA1E_24H:E19']",inchikey
DACOMITINIB,COc1cc2ncnc(Nc3ccc(F)c(Cl)c3)c2cc1NC(=O)/C=C/CN1CCCCC1,LVXJQMNHJWSHET-AATRIKPKSA-N,LVXJQMNHJWSHET,0,no,BRD-K57169635,"['LJP007_HA1E_24H:G07', 'REP.A015_HA1E_24H:F19']",inchikey
TELMISARTAN,CCCc1nc2c(C)cc(-c3nc4ccccc4n3C)cc2n1Cc1ccc(-c2ccccc2C(=O)O)cc1,RMMXLENWKUUMAY-UHFFFAOYSA-N,RMMXLENWKUUMAY,1,less,BRD-K73999723,['REP.A025_HA1E_24H:H13'],inchikey
THALIDOMIDE,O=C1CCC(N2C(=O)c3ccccc3C2=O)C(=O)N1,UEJJHQNACJXSKW-UHFFFAOYSA-N,UEJJHQNACJXSKW,1,most,BRD-A93255169,['REP.A027_HA1E_24H:C07'],inchikey
MILTEFOSINE,CCCCCCCCCCCCCCCCOP(=O)([O-])OCC[N+](C)(C)C,PQLXHQMOHUQAKB-UHFFFAOYSA-N,PQLXHQMOHUQAKB,0,no,BRD-A31811760,['REP.A003_HA1E_24H:D07'],inchikey
DACARBAZINE,CN(C)/N=N/c1[nH]cnc1C(N)=O,FDKXTQMXEQVLRF-ZHACJKMWSA-N,FDKXTQMXEQVLRF,0,no,BRD-K35520305,['REP.A003_HA1E_24H:N01'],inchikey
ENCORAFENIB,COC(=O)N[C@@H](C)CNc1nccc(-c2cn(C(C)C)nc2-c2cc(Cl)cc(NS(C)(=O)=O)c2F)n1,CMJCXYNUCSMDBY-ZDUSSCGKSA-N,CMJCXYNUCSMDBY,1,most,BRD-A56085258,['REP.A014_HA1E_24H:A19'],inchikey
Apalutamide,CNC(=O)c1ccc(N2C(=S)N(c3cnc(C#N)c(C(F)(F)F)c3)C(=O)C23CCC3)cc1F,HJBWBFZLDZWPHF-UHFFFAOYSA-N,HJBWBFZLDZWPHF,1,most,BRD-K91308639,['REP.A026_HA1E_24H:I19'],inchikey
GEMCITABINE,Nc1ccn([C@@H]2O[C@H](CO)[C@@H](O)C2(F)F)c(=O)n1,SDUQYLNIPVEERB-QPPQHZFASA-N,SDUQYLNIPVEERB,1,less,BRD-K15108141,['REP.A010_HA1E_24H:N13'],inchikey
DUTASTERIDE,C[C@]12C=CC(=O)N[C@@H]1CC[C@@H]1[C@@H]2CC[C@]2(C)[C@@H](C(=O)Nc3cc(C(F)(F)F)ccc3C(F)(F)F)CC[C@@H]12,JWJOTENAMICLJG-QWBYCMEYSA-N,JWJOTENAMICLJG,1,less,BRD-K28984613,['REP.A001_HA1E_24H:L01'],inchikey
AMBRISENTAN,COC(c1ccccc1)(c1ccccc1)[C@H](Oc1nc(C)cc(C)n1)C(=O)O,OUJTZYPIHDYQMC-LJQANCHMSA-N,OUJTZYPIHDYQMC,1,less,BRD-K41185545,['REP.A013_HA1E_24H:I01'],inchikey
CABERGOLINE,C=CCN1C[C@H](C(=O)N(CCCN(C)C)C(=O)NCC)C[C@@H]2c3cccc4[nH]cc(c34)C[C@H]21,KORNTPPJEAJQIU-KJXAQDMKSA-N,KORNTPPJEAJQIU,1,most,BRD-K86882815,['REP.A021_HA1E_24H:P19'],inchikey
FAMCICLOVIR,CC(=O)OCC(CCn1cnc2cnc(N)nc21)COC(C)=O,GGXKWVWZWMLJEH-UHFFFAOYSA-N,GGXKWVWZWMLJEH,1,less,BRD-K45033733,['REP.A019_HA1E_24H:B19'],inchikey
GEMFIBROZIL,Cc1ccc(C)c(OCCCC(C)(C)C(=O)O)c1,HEMJJKBWTPKOJG-UHFFFAOYSA-N,HEMJJKBWTPKOJG,1,less,BRD-K11129031,['REP.A005_HA1E_24H:M19'],inchikey
LAMOTRIGINE,Nc1nnc(-c2cccc(Cl)c2Cl)c(N)n1,PYZRQGJRPPTADH-UHFFFAOYSA-N,PYZRQGJRPPTADH,1,less,BRD-K93460210,['REP.A028_HA1E_24H:E07'],inchikey
DEFERASIROX,O=C(O)c1ccc(-n2nc(-c3ccccc3O)nc2-c2ccccc2O)cc1,BOFQWVMAQOTZIW-UHFFFAOYSA-N,BOFQWVMAQOTZIW,0,no,BRD-K97010173,['REP.A028_HA1E_24H:M19'],inchikey
roflumilast,O=C(Nc1c(Cl)cncc1Cl)c1ccc(OC(F)F)c(OCC2CC2)c1,MNDBXUUTURYVHR-UHFFFAOYSA-N,MNDBXUUTURYVHR,1,less,BRD-K03194791,['REP.A012_HA1E_24H:M19'],inchikey
LINAGLIPTIN,CC#CCn1c(N2CCC[C@@H](N)C2)nc2c1c(=O)n(Cc1nc(C)c3ccccc3n1)c(=O)n2C,LTXREWYXXSTFRX-QGZVFWFLSA-N,LTXREWYXXSTFRX,1,most,BRD-K96550715,['REP.A003_HA1E_24H:K01'],inchikey
VEMURAFENIB,CCCS(=O)(=O)Nc1ccc(F)c(C(=O)c2c[nH]c3ncc(-c4ccc(Cl)cc4)cc23)c1F,GPXBXXGIAQBQNI-UHFFFAOYSA-N,GPXBXXGIAQBQNI,1,most,BRD-K56343971,"['LJP005_HA1E_24H:C13', 'REP.A015_HA1E_24H:D13']",inchikey
OSIMERTINIB,C=CC(=O)Nc1cc(Nc2nccc(-c3cn(C)c4ccccc34)n2)c(OC)cc1N(C)CCN(C)C,DUYJMQONPNNFPI-UHFFFAOYSA-N,DUYJMQONPNNFPI,1,most,BRD-K42805893,"['LJP007_HA1E_24H:N13', 'REP.A007_HA1E_24H:B13']",inchikey
HYDROXYUREA,NC(=O)NO,VSNHCAURESNICA-UHFFFAOYSA-N,VSNHCAURESNICA,0,no,BRD-K51747290,['REP.A016_HA1E_24H:C13'],inchikey
BINIMETINIB,Cn1cnc2c(F)c(Nc3ccc(Br)cc3F)c(C(=O)NOCCO)cc21,ACWZRVQXLIRSDF-UHFFFAOYSA-N,ACWZRVQXLIRSDF,1,most,BRD-K82244583,['REP.A021_HA1E_24H:E13'],inchikey
IXABEPILONE,C/C(=C\c1csc(C)n1)[C@@H]1C[C@@H]2O[C@]2(C)CCC[C@H](C)[C@H](O)[C@@H](C)C(=O)C(C)(C)[C@@H](O)CC(=O)N1,FABUFPQFXZVHFB-PVYNADRNSA-N,FABUFPQFXZVHFB,1,most,BRD-K03601870,['REP.A011_HA1E_24H:B07'],inchikey
TRIAMTERENE,Nc1nc(N)c2nc(-c3ccccc3)c(N)nc2n1,FNYLWPVRPXGIIP-UHFFFAOYSA-N,FNYLWPVRPXGIIP,0,no,BRD-K92049597,['REP.A026_HA1E_24H:K19'],inchikey
ALPROSTADIL,CCCCC[C@H](O)/C=C/[C@H]1[C@H](O)CC(=O)[C@@H]1CCCCCCC(=O)O,GMVPRGQOIOIIMI-DWKJAMRDSA-N,GMVPRGQOIOIIMI,1,less,BRD-K73691377,['REP.A008_HA1E_24H:G07'],inchikey
Fenfluramine,CCNC(C)Cc1cccc(C(F)(F)F)c1,DBGIVFWFUFKIQN-UHFFFAOYSA-N,DBGIVFWFUFKIQN,1,most,BRD-K58626373,['REP.A015_HA1E_24H:I07'],inchikey
PRALATREXATE,C#CCC(Cc1cnc2nc(N)nc(N)c2n1)c1ccc(C(=O)N[C@@H](CCC(=O)O)C(=O)O)cc1,OGSBUKJUDHAQEA-WMCAAGNKSA-N,OGSBUKJUDHAQEA,1,less,BRD-A74914197,['REP.A024_HA1E_24H:E07'],inchikey
Dipyridamole,OCCN(CCO)c1nc(N2CCCCC2)c2nc(N(CCO)CCO)nc(N3CCCCC3)c2n1,IZEKFCXSFNUWAM-UHFFFAOYSA-N,IZEKFCXSFNUWAM,1,most,BRD-K86301799,['REP.A016_HA1E_24H:P13'],inchikey
PYRAZINAMIDE,NC(=O)c1cnccn1,IPEHBUMCGVEMRF-UHFFFAOYSA-N,IPEHBUMCGVEMRF,0,no,BRD-K28667793,['REP.A001_HA1E_24H:J07'],inchikey
FOSTAMATINIB,COc1cc(Nc2ncc(F)c(Nc3ccc4c(n3)N(COP(=O)(O)O)C(=O)C(C)(C)O4)n2)cc(OC)c1OC,GKDRMWXFWHEQQT-UHFFFAOYSA-N,GKDRMWXFWHEQQT,1,most,BRD-K20285085,"['LJP006_HA1E_24H:C13', 'REP.A004_HA1E_24H:D19']",name_stripped
INDOMETHACIN,COc1ccc2c(c1)c(CC(=O)O)c(C)n2C(=O)c1ccc(Cl)cc1,CGIGDMFJXJATDK-UHFFFAOYSA-N,CGIGDMFJXJATDK,1,most,BRD-K57222227,['REP.A014_HA1E_24H:D07'],inchikey
PIOGLITAZONE,CCc1ccc(CCOc2ccc(CC3SC(=O)NC3=O)cc2)nc1,HYAFETHFCAUJAY-UHFFFAOYSA-N,HYAFETHFCAUJAY,1,most,BRD-A48430263,['REP.A017_HA1E_24H:D13'],inchikey
Temozolomide,Cn1nnc2c(C(N)=O)ncn2c1=O,BPEGJWRSRHCHSN-UHFFFAOYSA-N,BPEGJWRSRHCHSN,0,no,BRD-K32107296,['REP.A009_HA1E_24H:K01'],inchikey
PROGESTERONE,CC(=O)[C@H]1CC[C@H]2[C@@H]3CCC4=CC(=O)CC[C@]4(C)[C@H]3CC[C@]12C,RJKFOVLPORLFTN-LEKSSAKUSA-N,RJKFOVLPORLFTN,1,most,BRD-A67479912,['REP.A018_HA1E_24H:O19'],inchikey
KETOCONAZOLE,CC(=O)N1CCN(c2ccc(OCC3COC(Cn4ccnc4)(c4ccc(Cl)cc4Cl)O3)cc2)CC1,XMAYWYJOQHXEEK-UHFFFAOYSA-N,XMAYWYJOQHXEEK,1,most,BRD-A38350138,['REP.A014_HA1E_24H:L19'],inchikey
TEMSIROLIMUS,CO[C@H]1C[C@@H]2CC[C@@H](C)[C@@](O)(O2)C(=O)C(=O)N2CCCC[C@H]2C(=O)O[C@H]([C@H](C)C[C@@H]2CC[C@@H](OC(=O)C(C)(CO)CO)[C@H](OC)C2)CC(=O)[C@H](C)/C=C(\C)[C@@H](O)[C@@H](OC)C(=O)[C@H](C)C[C@H](C)/C=C/C=C/C=C/1C,CBPNZQVSJQDFBE-FUXHJELOSA-N,CBPNZQVSJQDFBE,1,less,BRD-A62025033,['REP.A021_HA1E_24H:E01'],inchikey
VORICONAZOLE,C[C@@H](c1ncncc1F)[C@](O)(Cn1cncn1)c1ccc(F)cc1F,BCEHBSKCWLPMDN-MGPLVRAMSA-N,BCEHBSKCWLPMDN,1,most,BRD-K06557128,['REP.A011_HA1E_24H:J07'],inchikey
Eptifibatide,N=C(N)NCCCC[C@@H]1NC(=O)CCSSC[C@@H](C(N)=O)NC(=O)[C@@H]2CCCN2C(=O)[C@H](Cc2c[nH]c3ccccc23)NC(=O)[C@H](CC(=O)O)NC(=O)CNC1=O,CZKPOZZJODAYPZ-LROMGURASA-N,CZKPOZZJODAYPZ,1,less,BRD-A90547603,['REP.A026_HA1E_24H:H13'],inchikey
AZATHIOPRINE,Cn1cnc([N+](=O)[O-])c1Sc1ncnc2[nH]cnc12,LMEKQMALGUDUQG-UHFFFAOYSA-N,LMEKQMALGUDUQG,0,no,BRD-K32821942,['REP.A003_HA1E_24H:F19'],inchikey
ENZALUTAMIDE,CNC(=O)c1ccc(N2C(=S)N(c3ccc(C#N)c(C(F)(F)F)c3)C(=O)C2(C)C)cc1F,WXCXUHSOUPDCQV-UHFFFAOYSA-N,WXCXUHSOUPDCQV,1,most,BRD-K56851771,['REP.A014_HA1E_24H:I19'],inchikey
DROSPIRENONE,C[C@]12CCC(=O)C=C1[C@@H]1C[C@@H]1[C@H]1[C@@H]3[C@@H]4C[C@@H]4[C@@]4(CCC(=O)O4)[C@@]3(C)CC[C@@H]12,METQSPRSQINEEU-HXCATZOESA-N,METQSPRSQINEEU,0,no,BRD-A00938334,['REP.A012_HA1E_24H:E07'],inchikey
POMALIDOMIDE,Nc1cccc2c1C(=O)N(C1CCC(=O)NC1=O)C2=O,UVSMNLNDYGZFPF-UHFFFAOYSA-N,UVSMNLNDYGZFPF,1,most,BRD-A12994259,['REP.A010_HA1E_24H:E13'],inchikey
ARIPIPRAZOLE,O=C1CCc2ccc(OCCCCN3CCN(c4cccc(Cl)c4Cl)CC3)cc2N1,CEUORZQYGODEFX-UHFFFAOYSA-N,CEUORZQYGODEFX,1,less,BRD-K70358946,['REP.A022_HA1E_24H:F19'],inchikey
CAPECITABINE,CCCCCOC(=O)Nc1nc(=O)n([C@@H]2O[C@H](C)[C@@H](O)[C@H]2O)cc1F,GAGWJHPBXLXJQN-UORFTKCHSA-N,GAGWJHPBXLXJQN,1,most,BRD-A91877226,['REP.A026_HA1E_24H:K13'],inchikey
ATORVASTATIN,CC(C)c1c(C(=O)Nc2ccccc2)c(-c2ccccc2)c(-c2ccc(F)cc2)n1CC[C@@H](O)C[C@@H](O)CC(=O)O,XUKUURHRXDUEBC-KAYWLYCHSA-N,XUKUURHRXDUEBC,0,no,BRD-K69726342,['REP.A023_HA1E_24H:H01'],inchikey
PRAZIQUANTEL,O=C(C1CCCCC1)N1CC(=O)N2CCc3ccccc3C2C1,FSVJFNAIGNNGKK-UHFFFAOYSA-N,FSVJFNAIGNNGKK,1,most,BRD-A21858158,['REP.A006_HA1E_24H:I19'],inchikey
PARICALCITOL,C[C@H](/C=C/[C@H](C)C(C)(C)O)[C@H]1CC[C@H]2/C(=C/C=C3C[C@@H](O)C[C@H](O)C3)CCC[C@]12C,BPKAHTKRCLCHEA-UBFJEZKGSA-N,BPKAHTKRCLCHEA,1,less,BRD-K60585088,['REP.A014_HA1E_24H:H19'],inchikey
LENALIDOMIDE,Nc1cccc2c1CN(C1CCC(=O)NC1=O)C2=O,GOTYRUGSSMKFNF-UHFFFAOYSA-N,GOTYRUGSSMKFNF,1,most,BRD-A17883755,['REP.A002_HA1E_24H:N01'],inchikey
LEVOFLOXACIN,C[C@H]1COc2c(N3CCN(C)CC3)c(F)cc3c(=O)c(C(=O)O)cn1c23,GSDSWSVVBLHKDQ-JTQLQIEISA-N,GSDSWSVVBLHKDQ,1,most,BRD-K09471561,['REP.A005_HA1E_24H:H19'],inchikey
THEOPHYLLINE,Cn1c(=O)c2nc[nH]c2n(C)c1=O,ZFXYFBGIUFBOJW-UHFFFAOYSA-N,ZFXYFBGIUFBOJW,1,less,BRD-K97799481,['REP.A025_HA1E_24H:B13'],inchikey
TRIMETHOPRIM,COc1cc(Cc2cnc(N)nc2N)cc(OC)c1OC,IEDVJHCEMCRBQM-UHFFFAOYSA-N,IEDVJHCEMCRBQM,0,no,BRD-K07208025,['REP.A011_HA1E_24H:M01'],inchikey
GRISEOFULVIN,COC1=CC(=O)C[C@@H](C)[C@]12Oc1c(Cl)c(OC)cc(OC)c1C2=O,DDUHZTYCFQRHIY-RBHXEPJQSA-N,DDUHZTYCFQRHIY,0,no,BRD-K12423485,['REP.A010_HA1E_24H:C01'],inchikey
ITRACONAZOLE,CCC(C)n1ncn(-c2ccc(N3CCN(c4ccc(OCC5COC(Cn6cncn6)(c6ccc(Cl)cc6Cl)O5)cc4)CC3)cc2)c1=O,VHVPQPYKVGDNFY-UHFFFAOYSA-N,VHVPQPYKVGDNFY,1,less,BRD-A23067620,['REP.A006_HA1E_24H:N07'],inchikey
ROSUVASTATIN,CC(C)c1nc(N(C)S(C)(=O)=O)nc(-c2ccc(F)cc2)c1/C=C/[C@@H](O)C[C@@H](O)CC(=O)O,BPRHUIZQVSMCRT-VEUZHWNKSA-N,BPRHUIZQVSMCRT,0,no,BRD-K82941592,['REP.A021_HA1E_24H:H13'],inchikey
INFIGRATINIB,CCN1CCN(c2ccc(Nc3cc(N(C)C(=O)Nc4c(Cl)c(OC)cc(OC)c4Cl)ncn3)cc2)CC1,QADPYRIHXKWUSV-UHFFFAOYSA-N,QADPYRIHXKWUSV,0,no,BRD-K42728290,['LJP007_HA1E_24H:P19'],inchikey
azithromycin,CC[C@H]1OC(=O)[C@H](C)[C@@H](O[C@H]2C[C@@](C)(OC)[C@@H](O)[C@H](C)O2)[C@H](C)[C@@H](O[C@@H]2O[C@H](C)C[C@H](N(C)C)[C@H]2O)[C@](C)(O)C[C@@H](C)CN(C)[C@H](C)[C@@H](O)[C@]1(C)O,MQTOSJVFKKJCRP-BICOPXKESA-N,MQTOSJVFKKJCRP,1,less,BRD-K73794685,['REP.A024_HA1E_24H:B19'],inchikey
BICALUTAMIDE,CC(O)(CS(=O)(=O)c1ccc(F)cc1)C(=O)Nc1ccc(C#N)c(C(F)(F)F)c1,LKJPYSCBVHEWIU-UHFFFAOYSA-N,LKJPYSCBVHEWIU,1,less,BRD-A29485665,['REP.A009_HA1E_24H:E01'],inchikey
PITAVASTATIN,O=C(O)C[C@H](O)C[C@H](O)/C=C/c1c(C2CC2)nc2ccccc2c1-c1ccc(F)cc1,VGYFMXBACGZSIL-MCBHFWOFSA-N,VGYFMXBACGZSIL,0,no,BRD-K75958547,['REP.A022_HA1E_24H:A13'],inchikey
CHLORAMBUCIL,O=C(O)CCCc1ccc(N(CCCl)CCCl)cc1,JCKYGMPEJWAADB-UHFFFAOYSA-N,JCKYGMPEJWAADB,0,no,BRD-K29458283,['REP.A009_HA1E_24H:D19'],inchikey
CARISOPRODOL,CCCC(C)(COC(N)=O)COC(=O)NC(C)C,OFZCIYFFPZCNJE-UHFFFAOYSA-N,OFZCIYFFPZCNJE,1,less,BRD-A99939097,['REP.A026_HA1E_24H:N19'],inchikey
Sparfloxacin,C[C@@H]1CN(c2c(F)c(N)c3c(=O)c(C(=O)O)cn(C4CC4)c3c2F)C[C@H](C)N1,DZZWHBIBMUVIIW-DTORHVGOSA-N,DZZWHBIBMUVIIW,1,most,BRD-A26423207,['REP.A004_HA1E_24H:P07'],inchikey
NORETHINDRONE,C#C[C@]1(O)CC[C@H]2[C@@H]3CCC4=CC(=O)CC[C@@H]4[C@H]3CC[C@@]21C,VIKNJXKGJWUCNN-XGXHKTLJSA-N,VIKNJXKGJWUCNN,0,no,BRD-A39415247,['REP.A014_HA1E_24H:N13'],inchikey
DALFAMPRIDINE,Nc1ccncc1,NUKYPUAOHBNCPY-UHFFFAOYSA-N,NUKYPUAOHBNCPY,0,no,BRD-K22482860,['REP.A006_HA1E_24H:L13'],inchikey
SULFASALAZINE,O=C(O)c1cc(/N=N/c2ccc(S(=O)(=O)Nc3ccccn3)cc2)ccc1O,NCEXYHBECQHGNR-QZQOTICOSA-N,NCEXYHBECQHGNR,1,less,BRD-K10670311,['REP.A005_HA1E_24H:L07'],inchikey
CARBAMAZEPINE,NC(=O)N1c2ccccc2C=Cc2ccccc21,FFGPTBGBLSHEPO-UHFFFAOYSA-N,FFGPTBGBLSHEPO,1,most,BRD-K71799949,['REP.A023_HA1E_24H:N01'],inchikey
DEXAMETHASONE,C[C@@H]1C[C@H]2[C@@H]3CCC4=CC(=O)C=C[C@]4(C)[C@@]3(F)[C@@H](O)C[C@]2(C)[C@@]1(O)C(=O)CO,UREBDLICKHMUKA-CXSFZGCWSA-N,UREBDLICKHMUKA,1,less,BRD-A69951442,['REP.A016_HA1E_24H:N01'],inchikey
ACETAMINOPHEN,CC(=O)Nc1ccc(O)cc1,RZVAJINKPMORJF-UHFFFAOYSA-N,RZVAJINKPMORJF,1,less,BRD-K41524689,['REP.A013_HA1E_24H:J19'],inchikey
canagliflozin,Cc1ccc([C@@H]2O[C@H](CO)[C@@H](O)[C@H](O)[C@H]2O)cc1Cc1ccc(-c2ccc(F)cc2)s1,XTNGUQKDFGDXSJ-ZXGKGEBGSA-N,XTNGUQKDFGDXSJ,0,no,BRD-K90868879,['REP.A027_HA1E_24H:M07'],inchikey
empagliflozin,OC[C@H]1O[C@@H](c2ccc(Cl)c(Cc3ccc(O[C@H]4CCOC4)cc3)c2)[C@H](O)[C@@H](O)[C@@H]1O,OBWASQILIWPZMG-QZMOQZSNSA-N,OBWASQILIWPZMG,0,no,BRD-K53765467,['REP.A007_HA1E_24H:L07'],inchikey
TETRABENAZINE,COc1cc2c(cc1OC)C1CC(=O)C(CC(C)C)CN1CC2,MKJIEFSOBYUXJB-UHFFFAOYSA-N,MKJIEFSOBYUXJB,1,most,BRD-K95739795,['REP.A028_HA1E_24H:J19'],inchikey
brexpiprazole,O=c1ccc2ccc(OCCCCN3CCN(c4cccc5sccc45)CC3)cc2[nH]1,ZKIAIYBUSXZPLP-UHFFFAOYSA-N,ZKIAIYBUSXZPLP,1,less,BRD-K00911143,['REP.A012_HA1E_24H:F01'],inchikey
METHAZOLAMIDE,CC(=O)/N=c1/sc(S(N)(=O)=O)nn1C,FLOSMHQXBMRNHR-QPJJXVBHSA-N,FLOSMHQXBMRNHR,0,no,BRD-K13356952,['REP.A010_HA1E_24H:G19'],inchikey
VALPROIC ACID,CCCC(CCC)C(=O)O,NIJJYAXOARWZEE-UHFFFAOYSA-N,NIJJYAXOARWZEE,1,less,BRD-K41260949,['REP.A013_HA1E_24H:I07'],inchikey
TERIFLUNOMIDE,C/C(O)=C(\C#N)C(=O)Nc1ccc(C(F)(F)F)cc1,UTNUDOFZCWSZMS-YFHOEESVSA-N,UTNUDOFZCWSZMS,1,less,BRD-A42699921,['REP.A007_HA1E_24H:B07'],name_stripped
PYRIMETHAMINE,CCc1nc(N)nc(N)c1-c1ccc(Cl)cc1,WKSAUQYGYAYLPV-UHFFFAOYSA-N,WKSAUQYGYAYLPV,1,less,BRD-K88429204,['REP.A026_HA1E_24H:D07'],inchikey
ACETAZOLAMIDE,CC(=O)Nc1nnc(S(N)(=O)=O)s1,BZKPWHYZMXOIDC-UHFFFAOYSA-N,BZKPWHYZMXOIDC,0,no,BRD-K43457670,['REP.A013_HA1E_24H:M19'],inchikey
LEVOTHYROXINE,N[C@@H](Cc1cc(I)c(Oc2cc(I)c(O)c(I)c2)c(I)c1)C(=O)O,XUIIKFGFIJCVMT-LBPRGKRZSA-N,XUIIKFGFIJCVMT,1,less,BRD-K30685142,['REP.A009_HA1E_24H:H01'],inchikey
EMTRICITABINE,Nc1nc(=O)n([C@@H]2CS[C@H](CO)O2)cc1F,XQSPYNMVSIKCOC-NTSWFWBYSA-N,XQSPYNMVSIKCOC,0,no,BRD-K61452026,['REP.A015_HA1E_24H:O19'],inchikey
METHOCARBAMOL,COc1ccccc1OCC(O)COC(N)=O,GNXFOGHNGIVQEH-UHFFFAOYSA-N,GNXFOGHNGIVQEH,1,less,BRD-A31521121,['REP.A003_HA1E_24H:C01'],inchikey
LEVETIRACETAM,CC[C@@H](C(N)=O)N1CCCC1=O,HPHUVLMMVZITSG-LURJTMIESA-N,HPHUVLMMVZITSG,1,less,BRD-K49404994,['REP.A020_HA1E_24H:P07'],inchikey
ANIDULAFUNGIN,CCCCCOc1ccc(-c2ccc(-c3ccc(C(=O)N[C@H]4C[C@@H](O)[C@@H](O)NC(=O)[C@@H]5[C@@H](O)[C@@H](C)CN5C(=O)[C@H]([C@@H](C)O)NC(=O)[C@H]([C@H](O)[C@@H](O)c5ccc(O)cc5)NC(=O)[C@@H]5C[C@@H](O)CN5C(=O)[C@H]([C@@H](C)O)NC4=O)cc3)cc2)cc1,JHVAMHSQVVQIOT-MFAJLEFUSA-N,JHVAMHSQVVQIOT,1,less,BRD-A75305484,['REP.A025_HA1E_24H:J07'],inchikey
PENTOXIFYLLINE,CC(=O)CCCCn1c(=O)c2c(ncn2C)n(C)c1=O,BYPFEZZEUUWMEJ-UHFFFAOYSA-N,BYPFEZZEUUWMEJ,1,less,BRD-K57569181,['REP.A015_HA1E_24H:G07'],inchikey
CARGLUMIC ACID,NC(=O)N[C@@H](CCC(=O)O)C(=O)O,LCQLHJZYVOQKHU-VKHMYHEASA-N,LCQLHJZYVOQKHU,0,no,BRD-K60240222,['REP.A015_HA1E_24H:N19'],inchikey
GLYCOPYRROLATE,C[N+]1(C)CCC(OC(=O)C(O)(c2ccccc2)C2CCCC2)C1,ANGKOCUUWGHLCE-UHFFFAOYSA-N,ANGKOCUUWGHLCE,1,less,BRD-A81233518,['REP.A022_HA1E_24H:N19'],inchikey
CHLORTHALIDONE,NS(=O)(=O)c1cc(C2(O)NC(=O)c3ccccc32)ccc1Cl,JIVPVXMEBJLZRO-UHFFFAOYSA-N,JIVPVXMEBJLZRO,1,less,BRD-A26384407,['REP.A004_HA1E_24H:O07'],inchikey
DESVENLAFAXINE,CN(C)CC(c1ccc(O)cc1)C1(O)CCCCC1,KYYIDSXMWOZKMP-UHFFFAOYSA-N,KYYIDSXMWOZKMP,1,less,BRD-A98845662,['REP.A026_HA1E_24H:N01'],inchikey
MERCAPTOPURINE,S=c1[nH]cnc2nc[nH]c12,GLVAUDGFNGKCSF-UHFFFAOYSA-N,GLVAUDGFNGKCSF,0,no,BRD-K91601245,['REP.A026_HA1E_24H:K01'],inchikey
CLARITHROMYCIN,CC[C@H]1OC(=O)[C@H](C)[C@@H](O[C@H]2C[C@@](C)(OC)[C@@H](O)[C@H](C)O2)[C@H](C)[C@@H](O[C@@H]2O[C@H](C)C[C@H](N(C)C)[C@H]2O)[C@](C)(OC)C[C@@H](C)C(=O)[C@H](C)[C@@H](O)[C@]1(C)O,AGOYDEPGAOXOCK-KCBOHYOISA-N,AGOYDEPGAOXOCK,1,most,BRD-K16762525,['REP.A002_HA1E_24H:H07'],inchikey
LEVONORGESTREL,C#C[C@]1(O)CC[C@H]2[C@@H]3CCC4=CC(=O)CC[C@@H]4[C@H]3CC[C@@]21CC,WWYNJERNGUHSAO-XUDSTZEESA-N,WWYNJERNGUHSAO,0,no,BRD-A14886633,['REP.A010_HA1E_24H:M01'],inchikey
CYPROHEPTADINE,CN1CCC(=C2c3ccccc3C=Cc3ccccc32)CC1,JJCFRYNCJDLXIK-UHFFFAOYSA-N,JJCFRYNCJDLXIK,1,less,BRD-K28143534,['REP.A001_HA1E_24H:H13'],inchikey
SPIRONOLACTONE,CC(=O)S[C@@H]1CC2=CC(=O)CC[C@]2(C)[C@H]2CC[C@@]3(C)[C@@H](CC[C@@]34CCC(=O)O4)[C@H]12,LXMSZDCAJNLERA-ZHYRCANASA-N,LXMSZDCAJNLERA,1,less,BRD-A97808748,['REP.A027_HA1E_24H:O07'],inchikey
QUININE SULFATE,C=C[C@H]1CN2CC[C@H]1C[C@H]2[C@H](O)c1ccnc2ccc(OC)cc12,LOUPRKONTZGTKE-WZBLMQSHSA-N,LOUPRKONTZGTKE,1,most,BRD-K99257182,['REP.A026_HA1E_24H:P01'],inchikey
ETHACRYNIC ACID,C=C(CC)C(=O)c1ccc(OCC(=O)O)c(Cl)c1Cl,AVOLMBLBETYQHX-UHFFFAOYSA-N,AVOLMBLBETYQHX,1,less,BRD-K63630713,['REP.A017_HA1E_24H:H07'],inchikey
TRICLABENDAZOLE,CSc1nc2cc(Cl)c(Oc3cccc(Cl)c3Cl)cc2[nH]1,NQPDXQQQCQDHHW-UHFFFAOYSA-N,NQPDXQQQCQDHHW,1,most,BRD-K81916719,['REP.A021_HA1E_24H:D19'],inchikey
WARFARIN SODIUM,CC(=O)CC(c1ccccc1)c1c([O-])c2ccccc2oc1=O,PJVWKTKQMONHTI-UHFFFAOYSA-M,PJVWKTKQMONHTI,0,no,BRD-A24514565,['REP.A006_HA1E_24H:P13'],inchikey
SUNITINIB MALATE,CCN(CC)CCNC(=O)c1c(C)[nH]c(/C=C2\C(=O)Nc3ccc(F)cc32)c1C,WINHZLLDWRZWRT-ATVHPVEESA-N,WINHZLLDWRZWRT,1,most,BRD-K42828737,['LJP007_HA1E_24H:I01'],inchikey
DEOXYCHOLIC ACID,C[C@H](CCC(=O)O)[C@H]1CC[C@H]2[C@@H]3CC[C@@H]4C[C@H](O)CC[C@]4(C)[C@H]3C[C@H](O)[C@]12C,KXGVEGMKQFWNSR-LLQZFEROSA-N,KXGVEGMKQFWNSR,1,less,BRD-K41170226,['REP.A014_HA1E_24H:P01'],inchikey
PROCHLORPERAZINE,CN1CCN(CCCN2c3ccccc3Sc3ccc(Cl)cc32)CC1,WIKYUJGCLQQFNW-UHFFFAOYSA-N,WIKYUJGCLQQFNW,1,less,BRD-K19352500,['REP.A004_HA1E_24H:C01'],inchikey
ABACAVIR SULFATE,Nc1nc(NC2CC2)c2ncn([C@H]3C=C[C@@H](CO)C3)c2n1,MCGSCOLBFJQGHM-SCZZXKLOSA-N,MCGSCOLBFJQGHM,1,most,BRD-A95032015,['REP.A028_HA1E_24H:J01'],inchikey
ixazomib citrate,CC(C)C[C@H](NC(=O)CNC(=O)c1cc(Cl)ccc1Cl)B1OC(=O)C(CC(=O)O)(CC(=O)O)O1,MBOMYENWWXQSNW-AWEZNQCLSA-N,MBOMYENWWXQSNW,0,no,BRD-K78659596,['REP.A024_HA1E_24H:N13'],name_stripped
CAFFEINE CITRATE,Cn1c(=O)c2c(ncn2C)n(C)c1=O,RYYVLZVUVIJVGH-UHFFFAOYSA-N,RYYVLZVUVIJVGH,1,most,BRD-K02404261,['REP.A012_HA1E_24H:L07'],inchikey
AMIKACIN SULFATE,NCC[C@H](O)C(=O)N[C@@H]1C[C@H](N)[C@@H](O[C@H]2O[C@H](CN)[C@@H](O)[C@H](O)[C@H]2O)[C@H](O)[C@H]1O[C@H]1O[C@H](CO)[C@@H](O)[C@H](N)[C@H]1O,LKCWBDHBTVXHDL-RMDFUYIESA-N,LKCWBDHBTVXHDL,0,no,BRD-A30051119,['REP.A001_HA1E_24H:P01'],inchikey
PROPYLTHIOURACIL,CCCc1cc(=O)[nH]c(=S)[nH]1,KNAHARQHSZJURB-UHFFFAOYSA-N,KNAHARQHSZJURB,0,no,BRD-K48168960,['REP.A007_HA1E_24H:N07'],inchikey
ASENAPINE MALEATE,CN1CC2c3ccccc3Oc3ccc(Cl)cc3C2C1,VSWBSWWIRNCQIJ-UHFFFAOYSA-N,VSWBSWWIRNCQIJ,1,most,BRD-K95260951,['REP.A028_HA1E_24H:I13'],inchikey
TAMOXIFEN CITRATE,CC/C(=C(\c1ccccc1)c1ccc(OCCN(C)C)cc1)c1ccccc1,NKANXQFJJICGDU-QPLCGJKRSA-N,NKANXQFJJICGDU,1,less,BRD-K93754473,['REP.A028_HA1E_24H:F19'],inchikey
NERATINIB MALEATE,CCOc1cc2ncc(C#N)c(Nc3ccc(OCc4ccccn4)c(Cl)c3)c2cc1NC(=O)/C=C/CN(C)C,JWNPDZNEKVCWMY-VQHVLOKHSA-N,JWNPDZNEKVCWMY,0,no,BRD-K85606544,"['LJP005_HA1E_24H:A13', 'REP.A021_HA1E_24H:M19']",inchikey
IMATINIB MESYLATE,Cc1ccc(NC(=O)c2ccc(CN3CCN(C)CC3)cc2)cc1Nc1nccc(-c2cccnc2)n1,KTUFNOKKBVMGRW-UHFFFAOYSA-N,KTUFNOKKBVMGRW,1,most,BRD-K92723993,"['LJP006_HA1E_24H:N13', 'REP.A027_HA1E_24H:A19']",inchikey
ZOLPIDEM TARTRATE,Cc1ccc(-c2nc3ccc(C)cn3c2CC(=O)N(C)C)cc1,ZAFYATHCZYHLPB-UHFFFAOYSA-N,ZAFYATHCZYHLPB,1,less,BRD-K44876623,['REP.A019_HA1E_24H:A13'],inchikey
Milrinone Lactate,Cc1[nH]c(=O)c(C#N)cc1-c1ccncc1,PZRHRDRVRGEVNW-UHFFFAOYSA-N,PZRHRDRVRGEVNW,1,most,BRD-K67080878,['REP.A017_HA1E_24H:O13'],inchikey
DIMETHYL FUMARATE,COC(=O)/C=C/C(=O)OC,LDCRTTXIJACKKU-ONEGZZNKSA-N,LDCRTTXIJACKKU,0,no,BRD-K31111078,['REP.A003_HA1E_24H:A07'],inchikey
INDINAVIR SULFATE,CC(C)(C)NC(=O)[C@@H]1CN(Cc2cccnc2)CCN1C[C@@H](O)C[C@@H](Cc1ccccc1)C(=O)N[C@H]1c2ccccc2C[C@H]1O,CBVCZFGXHXORBI-PXQQMZJSSA-N,CBVCZFGXHXORBI,1,less,BRD-K33226500,['REP.A003_HA1E_24H:H07'],inchikey
FOSINOPRIL SODIUM,CCC(=O)O[C@@H](O[P@](=O)(CCCCc1ccccc1)CC(=O)N1C[C@H](C2CCCCC2)C[C@H]1C(=O)[O-])C(C)C,BIDNLKIUORFRQP-XYGFDPSESA-M,BIDNLKIUORFRQP,1,less,BRD-A51382177,['REP.A007_HA1E_24H:H07'],inchikey
MYCOPHENOLIC ACID,COc1c(C)c2c(c(O)c1C/C=C(\C)CCC(=O)O)C(=O)OC2,HPNSFSBZBAHARI-RUDMXATFSA-N,HPNSFSBZBAHARI,1,less,BRD-K63750851,['REP.A028_HA1E_24H:L07'],inchikey
goserelin acetate,CC(C)C[C@H](NC(=O)[C@@H](COC(C)(C)C)NC(=O)[C@H](Cc1ccc(O)cc1)NC(=O)[C@H](CO)NC(=O)[C@H](Cc1c[nH]c2ccccc12)NC(=O)[C@H](Cc1cnc[nH]1)NC(=O)[C@@H]1CCC(=O)N1)C(=O)N[C@@H](CCCNC(=N)N)C(=O)N1CCC[C@H]1C(=O)NNC(N)=O,BLCLNMBMMGCOAS-URPVMXJPSA-N,BLCLNMBMMGCOAS,1,most,BRD-K99504665,['REP.A027_HA1E_24H:L19'],inchikey
EDOXABAN TOSYLATE,CN1CCc2nc(C(=O)N[C@@H]3C[C@@H](C(=O)N(C)C)CC[C@@H]3NC(=O)C(=O)Nc3ccc(Cl)cn3)sc2C1,HGVDHZBSSITLCT-JLJPHGGASA-N,HGVDHZBSSITLCT,0,no,BRD-K29322660,['REP.A001_HA1E_24H:K19'],inchikey
AMINOCAPROIC ACID,NCCCCCC(=O)O,SLXKOJJOQWFEFD-UHFFFAOYSA-N,SLXKOJJOQWFEFD,1,less,BRD-K64931368,['REP.A017_HA1E_24H:J07'],inchikey
RABEPRAZOLE SODIUM,COCCCOc1ccnc(C[S+]([O-])c2nc3ccccc3[n-]2)c1C,KNWNQAWYVGYXNR-UHFFFAOYSA-N,YREYEVIYCVEVJK,0,no,BRD-A39390670,['REP.A014_HA1E_24H:M13'],inchikey
IBUTILIDE FUMARATE,CCCCCCCN(CC)CCCC(O)c1ccc(NS(C)(=O)=O)cc1,ALOBUEHUHMBRLE-UHFFFAOYSA-N,ALOBUEHUHMBRLE,1,most,BRD-A74391928,['REP.A025_HA1E_24H:H19'],inchikey
CLOMIPHENE CITRATE,CCN(CC)CCOc1ccc(C(=C(Cl)c2ccccc2)c2ccccc2)cc1,GKIRPKYJQBWNGO-UHFFFAOYSA-N,GKIRPKYJQBWNGO,1,less,BRD-K29950728,['REP.A009_HA1E_24H:E19'],inchikey
TOREMIFENE CITRATE,CN(C)CCOc1ccc(/C(=C(/CCCl)c2ccccc2)c2ccccc2)cc1,XFCLJVABOIYOMF-QPLCGJKRSA-N,XFCLJVABOIYOMF,1,most,BRD-K51350053,['REP.A007_HA1E_24H:G07'],inchikey
RIMEGEPANT SULFATE,N[C@@H]1c2cccnc2[C@H](OC(=O)N2CCC(n3c(=O)[nH]c4ncccc43)CC2)CC[C@H]1c1cccc(F)c1F,KRNAOFGYEFKHPB-ANJVHQHFSA-N,KRNAOFGYEFKHPB,0,no,BRD-K55781385,['REP.A015_HA1E_24H:A13'],inchikey
ROCURONIUM BROMIDE,C=CC[N+]1([C@H]2C[C@H]3[C@@H]4CC[C@H]5C[C@H](O)[C@@H](N6CCOCC6)C[C@]5(C)[C@H]4CC[C@]3(C)[C@H]2OC(C)=O)CCCC1,YXRDKMPIGHSVRX-OOJCLDBCSA-N,YXRDKMPIGHSVRX,1,less,BRD-K58951486,['REP.A015_HA1E_24H:I13'],inchikey
PRAVASTATIN SODIUM,CC[C@H](C)C(=O)O[C@H]1C[C@H](O)C=C2C=C[C@H](C)[C@H](CC[C@@H](O)C[C@@H](O)CC(=O)[O-])[C@H]21,TUZYXOIXSAXUGO-PZAWKZKUSA-M,TUZYXOIXSAXUGO,1,less,BRD-K31447894,['REP.A009_HA1E_24H:J19'],inchikey
FLECAINIDE ACETATE,O=C(NCC1CCCCN1)c1cc(OCC(F)(F)F)ccc1OCC(F)(F)F,DJBNUMBKLMJRSA-UHFFFAOYSA-N,DJBNUMBKLMJRSA,1,most,BRD-A09472452,['REP.A005_HA1E_24H:I01'],inchikey
NINTEDANIB ESYLATE,COC(=O)c1ccc2c(c1)NC(=O)/C2=C(\Nc1ccc(N(C)C(=O)CN2CCN(C)CC2)cc1)c1ccccc1,XZXHXSATPCNXJR-ZIADKAODSA-N,XZXHXSATPCNXJR,1,most,BRD-K49075727,"['LJP006_HA1E_24H:H01', 'REP.A019_HA1E_24H:L01']",inchikey
ganciclovir sodium,Nc1nc([O-])c2ncn(COC(CO)CO)c2n1,IRSCQMHQWWYFCW-UHFFFAOYSA-M,IRSCQMHQWWYFCW,1,less,BRD-K22662435,['REP.A006_HA1E_24H:L19'],inchikey
Tobramycin Sulfate,NC[C@H]1O[C@H](O[C@H]2[C@H](O)[C@@H](O[C@H]3O[C@H](CO)[C@@H](O)[C@H](N)[C@H]3O)[C@H](N)C[C@@H]2N)[C@H](N)C[C@@H]1O,NLVFBUXFDBBNBW-PBSUHMDJSA-N,NLVFBUXFDBBNBW,0,no,BRD-K96342952,['REP.A027_HA1E_24H:H07'],inchikey
LOSARTAN POTASSIUM,CCCCc1nc(Cl)c(CO)n1Cc1ccc(-c2ccccc2-c2nnn[n-]2)cc1,MDMTUGIZSFHDIC-UHFFFAOYSA-N,PSIFNNKUMBGKDQ,1,less,BRD-K76205745,['REP.A024_HA1E_24H:H19'],inchikey
etoposide phosphate,COc1cc([C@@H]2c3cc4c(cc3[C@@H](O[C@@H]3O[C@@H]5CO[C@@H](C)O[C@H]5[C@H](O)[C@H]3O)[C@H]3COC(=O)[C@H]23)OCO4)cc(OC)c1OP(=O)(O)O,LIQODXNTTZAGID-OCBXBXKTSA-N,LIQODXNTTZAGID,0,no,BRD-A33280134,['REP.A011_HA1E_24H:P19'],name_stripped
DABRAFENIB MESYLATE,CC(C)(C)c1nc(-c2cccc(NS(=O)(=O)c3c(F)cccc3F)c2F)c(-c2ccnc(N)n2)s1,BFSMGDJOXZAERB-UHFFFAOYSA-N,BFSMGDJOXZAERB,1,most,BRD-K09951645,"['LJP009_HA1E_24H:H07', 'REP.A005_HA1E_24H:I19']",inchikey
BISOPROLOL FUMARATE,CC(C)NCC(O)COc1ccc(COCCOC(C)C)cc1,VHYCDWMUTMEGQY-UHFFFAOYSA-N,VHYCDWMUTMEGQY,1,most,BRD-A89175223,['REP.A025_HA1E_24H:F13'],inchikey
SAQUINAVIR MESYLATE,CC(C)(C)NC(=O)[C@@H]1C[C@@H]2CCCC[C@@H]2CN1C[C@@H](O)[C@H](Cc1ccccc1)NC(=O)[C@H](CC(N)=O)NC(=O)c1ccc2ccccc2n1,QWAXKHKRTORLEM-UGJKXSETSA-N,QWAXKHKRTORLEM,1,most,BRD-A26690767,['REP.A001_HA1E_24H:E13'],inchikey
ABIRATERONE ACETATE,CC(=O)O[C@H]1CC[C@@]2(C)C(=CC[C@@H]3[C@@H]2CC[C@]2(C)C(c4cccnc4)=CC[C@@H]32)C1,UVIQSJCZCSLXRZ-UBUQANBQSA-N,UVIQSJCZCSLXRZ,1,less,BRD-K16133773,['REP.A002_HA1E_24H:C13'],inchikey
RASAGILINE MESYLATE,C#CCN[C@@H]1CCc2ccccc21,RUOKEQAAGRXIBM-GFCCVEGCSA-N,RUOKEQAAGRXIBM,1,less,BRD-K58114536,['REP.A015_HA1E_24H:H19'],inchikey
OXYBUTYNIN CHLORIDE,CCN(CC)CC#CCOC(=O)C(O)(c1ccccc1)C1CCCCC1,XIQVNETUBQGFHX-UHFFFAOYSA-N,XIQVNETUBQGFHX,1,most,BRD-A65013509,['REP.A017_HA1E_24H:I19'],inchikey
TOFACITINIB CITRATE,C[C@@H]1CCN(C(=O)CC#N)C[C@@H]1N(C)c1ncnc2[nH]ccc12,UJLAWZDWDVHWOW-YPMHNXCESA-N,UJLAWZDWDVHWOW,1,most,BRD-K36280065,['REP.A003_HA1E_24H:P01'],inchikey
QUETIAPINE FUMARATE,OCCOCCN1CCN(C2=Nc3ccccc3Sc3ccccc32)CC1,URKOMYMAXPYINW-UHFFFAOYSA-N,URKOMYMAXPYINW,1,less,BRD-K68867920,['REP.A023_HA1E_24H:E01'],inchikey
DOCETAXEL ANHYDROUS,CC(=O)O[C@@]12CO[C@@H]1C[C@H](O)[C@@]1(C)C(=O)[C@H](O)C3=C(C)[C@@H](OC(=O)[C@H](O)[C@@H](NC(=O)OC(C)(C)C)c4ccccc4)C[C@@](O)([C@@H](OC(=O)c4ccccc4)[C@H]21)C3(C)C,ZDZOTLJHXYCWBA-VCVYQWHSSA-N,ZDZOTLJHXYCWBA,1,less,BRD-A05821830,['REP.A011_HA1E_24H:H13'],inchikey
PENICILLIN G SODIUM,CC1(C)S[C@@H]2[C@H](NC(=O)Cc3ccccc3)C(=O)N2[C@H]1C(=O)[O-],JGSARLDLIJGVTE-MBNYWOFBSA-M,JGSARLDLIJGVTE,1,less,BRD-K55191674,['REP.A016_HA1E_24H:L19'],inchikey
DOLUTEGRAVIR SODIUM,C[C@@H]1CCO[C@H]2Cn3cc(C(=O)NCc4ccc(F)cc4F)c(=O)c([O-])c3C(=O)N12,RHWKPHLQXYSBKR-BMIGLBTASA-M,RHWKPHLQXYSBKR,0,no,BRD-K36386086,['REP.A003_HA1E_24H:P07'],inchikey
FENOLDOPAM MESYLATE,Oc1ccc(C2CNCCc3c2cc(O)c(O)c3Cl)cc1,TVURRHSHRRELCG-UHFFFAOYSA-N,TVURRHSHRRELCG,1,less,BRD-A50684349,['REP.A008_HA1E_24H:E19'],inchikey
ATRACURIUM BESYLATE,COc1ccc(CC2c3cc(OC)c(OC)cc3CC[N+]2(C)CCC(=O)OCCCCCOC(=O)CC[N+]2(C)CCc3cc(OC)c(OC)cc3C2Cc2ccc(OC)c(OC)c2)cc1OC,YXSLJKQTIDHPOT-UHFFFAOYSA-N,YXSLJKQTIDHPOT,1,less,BRD-K17498618,['REP.A002_HA1E_24H:J19'],inchikey
tedizolid phosphate,Cn1nnc(-c2ccc(-c3ccc(N4C[C@H](COP(=O)(O)O)OC4=O)cc3F)cn2)n1,QCGUSIANLFXSGE-GFCCVEGCSA-N,QCGUSIANLFXSGE,1,less,BRD-K59436580,['REP.A015_HA1E_24H:L19'],name_stripped
METOPROLOL TARTRATE,COCCc1ccc(OCC(O)CNC(C)C)cc1,IUBSYMUCCVWXPE-UHFFFAOYSA-N,IUBSYMUCCVWXPE,1,most,BRD-A03623303,['REP.A011_HA1E_24H:A13'],inchikey
DOLASETRON MESYLATE,O=C(O[C@@H]1C[C@@H]2C[C@H]3C[C@H](C1)N2CC3=O)c1c[nH]c2ccccc12,UKTAZPQNNNJVKR-KJGYPYNMSA-N,UKTAZPQNNNJVKR,1,most,BRD-K34008116,['REP.A008_HA1E_24H:E07'],inchikey
AMINOSALICYLIC ACID,Nc1ccc(C(=O)O)c(O)c1,WUBBRNOQWQTFEX-UHFFFAOYSA-N,WUBBRNOQWQTFEX,1,less,BRD-K80267133,['REP.A021_HA1E_24H:B07'],inchikey
FLUVOXAMINE MALEATE,COCCCC/C(=N\OCCN)c1ccc(C(F)(F)F)cc1,CJOFXWAVKWHTFT-XSFVSMFZSA-N,CJOFXWAVKWHTFT,1,less,BRD-K53517854,['REP.A016_HA1E_24H:H13'],inchikey
AMLODIPINE BESYLATE,CCOC(=O)C1=C(COCCN)NC(C)=C(C(=O)OC)C1c1ccccc1Cl,HTIQEAQVCYTUBX-UHFFFAOYSA-N,HTIQEAQVCYTUBX,1,most,BRD-A22032524,['REP.A004_HA1E_24H:H07'],inchikey
rucaparib camsylate,CNCc1ccc(-c2[nH]c3cc(F)cc4c3c2CCNC4=O)cc1,HMABYWSNWIZPAG-UHFFFAOYSA-N,HMABYWSNWIZPAG,1,less,BRD-K88560311,['LJP008_HA1E_24H:K19'],inchikey
SAFINAMIDE MESYLATE,C[C@H](NCc1ccc(OCc2cccc(F)c2)cc1)C(N)=O,NEMGRZFTLSKBAP-LBPRGKRZSA-N,NEMGRZFTLSKBAP,1,less,BRD-K92613113,['REP.A028_HA1E_24H:B19'],inchikey
PAROXETINE MESYLATE,Fc1ccc([C@@H]2CCNC[C@H]2COc2ccc3c(c2)OCO3)cc1,AHOUBRCZNHFOSL-YOEHRIQHSA-N,AHOUBRCZNHFOSL,1,less,BRD-K37991163,['REP.A013_HA1E_24H:D13'],inchikey
LOMITAPIDE MESYLATE,O=C(NC1CCN(CCCCC2(C(=O)NCC(F)(F)F)c3ccccc3-c3ccccc32)CC1)c1ccccc1-c1ccc(C(F)(F)F)cc1,MBBCVAKAJPKAKM-UHFFFAOYSA-N,MBBCVAKAJPKAKM,1,less,BRD-K92213669,['REP.A025_HA1E_24H:C13'],inchikey
Pentobarbital Sodium,CCCC(C)C1(CC)C(=O)N=C([O-])NC1=O,WEXRUCMBJFQVBZ-UHFFFAOYSA-M,WEXRUCMBJFQVBZ,1,less,BRD-A44448661,['REP.A007_HA1E_24H:D19'],inchikey
ZIPRASIDONE MESYLATE,O=C1Cc2cc(CCN3CCN(c4nsc5ccccc45)CC3)c(Cl)cc2N1,MVWVFYHBGMAFLY-UHFFFAOYSA-N,MVWVFYHBGMAFLY,1,less,BRD-K29582115,['REP.A001_HA1E_24H:M01'],inchikey
PRIMAQUINE PHOSPHATE,COc1cc(NC(C)CCCN)c2ncccc2c1,INDBQLZJXZLFIT-UHFFFAOYSA-N,INDBQLZJXZLFIT,1,less,BRD-A55913614,['REP.A015_HA1E_24H:A19'],inchikey
Orphenadrine Citrate,Cc1ccccc1C(OCCN(C)C)c1ccccc1,QVYRGXJJSLMXQH-UHFFFAOYSA-N,QVYRGXJJSLMXQH,1,less,BRD-A53576514,['REP.A016_HA1E_24H:H19'],inchikey
COBIMETINIB FUMARATE,O=C(c1ccc(F)c(F)c1Nc1ccc(I)cc1F)N1CC(O)([C@@H]2CCCCN2)C1,BSMCAPRUBJMWDF-KRWDZBQOSA-N,BSMCAPRUBJMWDF,1,most,BRD-K03390685,['REP.A012_HA1E_24H:O19'],inchikey
PERINDOPRIL ERBUMINE,CCC[C@H](N[C@@H](C)C(=O)N1[C@H](C(=O)O)C[C@@H]2CCCC[C@@H]21)C(=O)OCC,IPVQLZZIHOAWMC-QXKUPLGCSA-N,IPVQLZZIHOAWMC,1,less,BRD-K92731339,['REP.A008_HA1E_24H:J19'],inchikey
BALSALAZIDE DISODIUM,O=C([O-])CCNC(=O)c1ccc(/N=N/c2ccc(O)c(C(=O)[O-])c2)cc1,IPOKCKJONYRRHP-FMQUCBEESA-L,IPOKCKJONYRRHP,1,less,BRD-K41410256,['REP.A013_HA1E_24H:J07'],inchikey
TRIMIPRAMINE MALEATE,CC(CN(C)C)CN1c2ccccc2CCc2ccccc21,ZSCDBOWYZJWBIY-UHFFFAOYSA-N,ZSCDBOWYZJWBIY,1,less,BRD-A19195498,['REP.A004_HA1E_24H:A19'],inchikey
MECLOFENAMATE SODIUM,Cc1ccc(Cl)c(Nc2ccccc2C(=O)[O-])c1Cl,SBDNJUWAMKYJOX-UHFFFAOYSA-M,SBDNJUWAMKYJOX,1,most,BRD-K50398167,['REP.A019_HA1E_24H:P01'],inchikey
VARENICLINE TARTRATE,c1cnc2cc3c(cc2n1)[C@@H]1CNC[C@H]3C1,JQSHBVHOMNKWFT-DTORHVGOSA-N,JQSHBVHOMNKWFT,1,less,BRD-A86216746,['REP.A020_HA1E_24H:I07'],inchikey
darunavir ethanolate,CC(C)CN(C[C@@H](O)[C@H](Cc1ccccc1)NC(=O)O[C@H]1CO[C@H]2OCC[C@H]21)S(=O)(=O)c1ccc(N)cc1,CJBJHOAVZSMMDJ-HEXNFIEUSA-N,CJBJHOAVZSMMDJ,0,no,BRD-K84986517,['REP.A020_HA1E_24H:D13'],inchikey
RIZATRIPTAN BENZOATE,CN(C)CCc1c[nH]c2ccc(Cn3cncn3)cc12,ULFRLSNUDGIQQP-UHFFFAOYSA-N,ULFRLSNUDGIQQP,1,most,BRD-K75699339,['REP.A024_HA1E_24H:G01'],inchikey
LAPATINIB DITOSYLATE,CS(=O)(=O)CCNCc1ccc(-c2ccc3ncnc(Nc4ccc(OCc5cccc(F)c5)c(Cl)c4)c3c2)o1,BCFGMOOMADDAQU-UHFFFAOYSA-N,BCFGMOOMADDAQU,1,most,BRD-K19687926,"['LJP006_HA1E_24H:M19', 'REP.A004_HA1E_24H:D07']",inchikey
UMECLIDINIUM BROMIDE,OC(c1ccccc1)(c1ccccc1)C12CC[N+](CCOCc3ccccc3)(CC1)CC2,FVTWTVQXNAJTQP-UHFFFAOYSA-N,FVTWTVQXNAJTQP,1,less,BRD-K46692793,['REP.A019_HA1E_24H:F19'],inchikey
RALTEGRAVIR POTASSIUM,Cc1nnc(C(=O)NC(C)(C)c2nc(C(=O)NCc3ccc(F)cc3)c([O-])c(=O)n2C)o1,CZFFBEXEKNGXKS-UHFFFAOYSA-M,CZFFBEXEKNGXKS,0,no,BRD-K05658747,['REP.A012_HA1E_24H:N19'],inchikey
BOSUTINIB MONOHYDRATE,COc1cc(Nc2c(C#N)cnc3cc(OCCCN4CCN(C)CC4)c(OC)cc23)c(Cl)cc1Cl,UBPYILGKFZZVDX-UHFFFAOYSA-N,UBPYILGKFZZVDX,1,most,BRD-K99964838,"['LJP007_HA1E_24H:D19', 'REP.A002_HA1E_24H:N19']",inchikey
ERYTHROMYCIN STEARATE,CC[C@H]1OC(=O)[C@H](C)[C@@H](O[C@H]2C[C@@](C)(OC)[C@@H](O)[C@H](C)O2)[C@H](C)[C@@H](O[C@@H]2O[C@H](C)C[C@H](N(C)C)[C@H]2O)[C@](C)(O)C[C@@H](C)C(=O)[C@H](C)[C@@H](O)[C@]1(C)O,ULGZDMOVFRHVEP-RWJQBGPGSA-N,ULGZDMOVFRHVEP,1,most,BRD-K63550407,['REP.A017_HA1E_24H:G07'],inchikey
pimavanserin tartrate,CC(C)COc1ccc(CNC(=O)N(Cc2ccc(F)cc2)C2CCN(C)CC2)cc1,RKEWSXXUOLRFBX-UHFFFAOYSA-N,RKEWSXXUOLRFBX,1,most,BRD-K83405785,['REP.A020_HA1E_24H:A19'],inchikey
Clindamycin Phosphate,CCC[C@@H]1C[C@@H](C(=O)N[C@@H]([C@H]2O[C@H](SC)[C@H](OP(=O)(O)O)[C@@H](O)[C@H]2O)[C@H](C)Cl)N(C)C1,UFUVLHLTWXBHGZ-MGZQPHGTSA-N,UFUVLHLTWXBHGZ,1,less,BRD-A52252998,['REP.A016_HA1E_24H:F01'],name_stripped
FLUDARABINE PHOSPHATE,Nc1nc(F)nc2c1ncn2[C@@H]1O[C@H](COP(=O)(O)O)[C@@H](O)[C@@H]1O,GIUYCYHIANZCFB-FJFJXFQQSA-N,GIUYCYHIANZCFB,1,less,BRD-K71106091,['REP.A023_HA1E_24H:K19'],inchikey
ESMOLOL HYDROCHLORIDE,COC(=O)CCc1ccc(OCC(O)CNC(C)C)cc1,AQNDDEOPVVGCPG-UHFFFAOYSA-N,AQNDDEOPVVGCPG,1,most,BRD-A07395371,['REP.A011_HA1E_24H:M13'],inchikey
SITAGLIPTIN PHOSPHATE,N[C@@H](CC(=O)N1CCn2c(nnc2C(F)(F)F)C1)Cc1cc(F)c(F)cc1F,MFFMDFFZMYYVKS-SECBINFHSA-N,MFFMDFFZMYYVKS,1,most,BRD-K19416115,['REP.A006_HA1E_24H:D01'],inchikey
Phentolamine Mesylate,Cc1ccc(N(CC2=NCCN2)c2cccc(O)c2)cc1,MRBDMNSDAVCSSF-UHFFFAOYSA-N,MRBDMNSDAVCSSF,1,most,BRD-K90333595,['REP.A025_HA1E_24H:E19'],inchikey
DOXEPIN HYDROCHLORIDE,CN(C)CCC=C1c2ccccc2COc2ccccc21,ODQWQRRAPPTVAG-UHFFFAOYSA-N,ODQWQRRAPPTVAG,1,less,BRD-K37694030,['REP.A014_HA1E_24H:N01'],inchikey
SOLIFENACIN SUCCINATE,O=C(O[C@H]1CN2CCC1CC2)N1CCc2ccccc2[C@@H]1c1ccccc1,FBOUYBDGKBSUES-VXKWHMMOSA-N,FBOUYBDGKBSUES,1,less,BRD-K24723746,['REP.A004_HA1E_24H:L01'],inchikey
SODIUM PHENYLBUTYRATE,O=C([O-])CCCc1ccccc1,OBKXEAXTFZPCHS-UHFFFAOYSA-M,OBKXEAXTFZPCHS,1,less,BRD-K67102207,['REP.A023_HA1E_24H:B13'],inchikey
SUMATRIPTAN SUCCINATE,CNS(=O)(=O)Cc1ccc2[nH]cc(CCN(C)C)c2c1,KQKPFRSPSRPDEB-UHFFFAOYSA-N,KQKPFRSPSRPDEB,1,most,BRD-K50938287,['REP.A017_HA1E_24H:A19'],inchikey
GEMIFLOXACIN MESYLATE,CO/N=C1\CN(c2nc3c(cc2F)c(=O)c(C(=O)O)cn3C2CC2)CC1CN,ZRCVYEYHRGVLOC-HYARGMPZSA-N,ZRCVYEYHRGVLOC,1,most,BRD-A40787240,['REP.A013_HA1E_24H:H19'],inchikey
MYCOPHENOLATE MOFETIL,COc1c(C)c2c(c(O)c1C/C=C(\C)CCC(=O)OCCN1CCOCC1)C(=O)OC2,RTGDFNSFWBGLEC-SYZQJQIISA-N,RTGDFNSFWBGLEC,1,less,BRD-K92428153,['REP.A028_HA1E_24H:A07'],inchikey
cabozantinib s-malate,COc1cc2nccc(Oc3ccc(NC(=O)C4(C(=O)Nc5ccc(F)cc5)CC4)cc3)c2cc1OC,ONIQOQHATWINJY-UHFFFAOYSA-N,ONIQOQHATWINJY,1,less,BRD-K51544265,"['LJP007_HA1E_24H:D07', 'REP.A016_HA1E_24H:C01']",inchikey
CHLOROQUINE PHOSPHATE,CCN(CC)CCCC(C)Nc1ccnc2cc(Cl)ccc12,WHTVZRBIWZFKQO-UHFFFAOYSA-N,WHTVZRBIWZFKQO,1,most,BRD-A91699651,['REP.A026_HA1E_24H:L01'],inchikey
ROSIGLITAZONE MALEATE,CN(CCOc1ccc(CC2SC(=O)NC2=O)cc1)c1ccccn1,YASAKCUCGLMORW-UHFFFAOYSA-N,YASAKCUCGLMORW,1,most,BRD-A97437073,['REP.A028_HA1E_24H:P07'],inchikey
KETOROLAC TROMETHAMINE,O=C(c1ccccc1)c1ccc2n1CCC2C(=O)O,OZWKMVRBQXNZKK-UHFFFAOYSA-N,OZWKMVRBQXNZKK,1,most,BRD-A40639672,['REP.A013_HA1E_24H:H07'],inchikey
DOXAPRAM HYDROCHLORIDE,CCN1CC(CCN2CCOCC2)C(c2ccccc2)(c2ccccc2)C1=O,XFDJYSQDBULQSI-UHFFFAOYSA-N,XFDJYSQDBULQSI,1,most,BRD-A46179541,['REP.A019_HA1E_24H:F01'],inchikey
PRAZOSIN HYDROCHLORIDE,COc1cc2nc(N3CCN(C(=O)c4ccco4)CC3)nc(N)c2cc1OC,IENZQIKPVFGBNW-UHFFFAOYSA-N,IENZQIKPVFGBNW,1,less,BRD-K49111258,['REP.A017_HA1E_24H:D19'],inchikey
trovafloxacin mesylate,N[C@@H]1[C@H]2CN(c3nc4c(cc3F)c(=O)c(C(=O)O)cn4-c3ccc(F)cc3F)C[C@@H]12,WVPSKSLAZQPAKQ-CDMJZVDBSA-N,WVPSKSLAZQPAKQ,1,most,BRD-K00494077,['REP.A012_HA1E_24H:C01'],inchikey
PYRIDOSTIGMINE BROMIDE,CN(C)C(=O)Oc1ccc[n+](C)c1,RVOLLAQWKVFTGE-UHFFFAOYSA-N,RVOLLAQWKVFTGE,0,no,BRD-K69688083,['REP.A008_HA1E_24H:H01'],inchikey
DISOPYRAMIDE PHOSPHATE,CC(C)N(CCC(C(N)=O)(c1ccccc1)c1ccccn1)C(C)C,UVTNFZQICZKOEM-UHFFFAOYSA-N,UVTNFZQICZKOEM,1,most,BRD-A29734509,['REP.A001_HA1E_24H:M19'],inchikey
BROMOCRIPTINE MESYLATE,CC(C)C[C@H]1C(=O)N2CCC[C@H]2[C@]2(O)O[C@](NC(=O)[C@@H]3C=C4c5cccc6[nH]c(Br)c(c56)C[C@H]4N(C)C3)(C(C)C)C(=O)N12,OZVBMTJYIDMWIL-AYFBDAFISA-N,OZVBMTJYIDMWIL,1,most,BRD-A80151636,['REP.A020_HA1E_24H:H07'],inchikey
ISOSORBIDE MONONITRATE,O=[N+]([O-])O[C@@H]1CO[C@H]2[C@@H]1OC[C@@H]2O,YWXYYJSYQOXTPL-SLPGGIOYSA-N,YWXYYJSYQOXTPL,1,less,BRD-K82225283,['REP.A021_HA1E_24H:F01'],inchikey
DOPAMINE HYDROCHLORIDE,NCCc1ccc(O)c(O)c1,VYFYYTLLBUKUHU-UHFFFAOYSA-N,VYFYYTLLBUKUHU,1,most,BRD-K43887077,['REP.A013_HA1E_24H:O07'],inchikey
CEFEPIME HYDROCHLORIDE,CO/N=C(\C(=O)N[C@@H]1C(=O)N2C(C(=O)O)=C(C[N+]3(C)CCCC3)CS[C@H]12)c1csc(N)n1,HVFLCNVBZFFHBT-ZKDACBOMSA-O,HVFLCNVBZFFHBT,0,no,BRD-A12077521,['REP.A010_HA1E_24H:A13'],inchikey
TRAMADOL HYDROCHLORIDE,COc1cccc(C2(O)CCCCC2CN(C)C)c1,TVYLLZQTGLZFBW-UHFFFAOYSA-N,TVYLLZQTGLZFBW,1,less,BRD-K51033547,['REP.A007_HA1E_24H:P13'],inchikey
BUPROPION HYDROBROMIDE,CC(NC(C)(C)C)C(=O)c1cccc(Cl)c1,SNPPWIUOZRMYNY-UHFFFAOYSA-N,SNPPWIUOZRMYNY,1,less,BRD-A05186015,['REP.A011_HA1E_24H:F01'],inchikey
METFORMIN HYDROCHLORIDE,CN(C)C(=N)NC(=N)N,XZWYZXLIPXDOLR-UHFFFAOYSA-N,XZWYZXLIPXDOLR,1,most,BRD-K79602928,['REP.A024_HA1E_24H:P13'],inchikey
REGORAFENIB MONOHYDRATE,CNC(=O)c1cc(Oc2ccc(NC(=O)Nc3ccc(Cl)c(C(F)(F)F)c3)c(F)c2)ccn1,FNHKPVJBJVTLMP-UHFFFAOYSA-N,FNHKPVJBJVTLMP,1,most,BRD-K16730910,"['LJP009_HA1E_24H:N07', 'REP.A002_HA1E_24H:F19']",inchikey
FLAVOXATE HYDROCHLORIDE,Cc1c(-c2ccccc2)oc2c(C(=O)OCCN3CCCCC3)cccc2c1=O,SPIUTQOUKAMGCX-UHFFFAOYSA-N,SPIUTQOUKAMGCX,1,less,BRD-K47639036,['REP.A019_HA1E_24H:H13'],inchikey
AMILORIDE HYDROCHLORIDE,N=C(N)NC(=O)c1nc(Cl)c(N)nc1N,XSDQTOBWRPYKKA-UHFFFAOYSA-N,XSDQTOBWRPYKKA,1,less,BRD-K97181089,['REP.A027_HA1E_24H:I07'],inchikey
DONEPEZIL HYDROCHLORIDE,COc1cc2c(cc1OC)C(=O)C(CC1CCN(Cc3ccccc3)CC1)C2,ADEBPBSSDYVVLD-UHFFFAOYSA-N,ADEBPBSSDYVVLD,1,less,BRD-A49160188,['REP.A019_HA1E_24H:L07'],inchikey
MOLINDONE HYDROCHLORIDE,CCc1c(C)[nH]c2c1C(=O)C(CN1CCOCC1)CC2,KLPWJLBORRMFGK-UHFFFAOYSA-N,KLPWJLBORRMFGK,1,less,BRD-A65280694,['REP.A017_HA1E_24H:P07'],inchikey
TRAZODONE HYDROCHLORIDE,O=c1n(CCCN2CCN(c3cccc(Cl)c3)CC2)nc2ccccn12,PHLBKPHSAVXXEF-UHFFFAOYSA-N,PHLBKPHSAVXXEF,1,most,BRD-K70778732,['REP.A022_HA1E_24H:G07'],inchikey
FOSFOMYCIN TROMETHAMINE,C[C@@H]1O[C@@H]1P(=O)(O)O,YMDXZJFXQJVXBF-STHAYSLISA-N,YMDXZJFXQJVXBF,0,no,BRD-K48461310,['REP.A019_HA1E_24H:I19'],inchikey
TRIENTINE HYDROCHLORIDE,NCCNCCNCCN,VILCJCGEZXAXTO-UHFFFAOYSA-N,VILCJCGEZXAXTO,0,no,BRD-K37111771,['REP.A007_HA1E_24H:E01'],inchikey
ALECTINIB HYDROCHLORIDE,CCc1cc2c(cc1N1CCC(N3CCOCC3)CC1)C(C)(C)c1[nH]c3cc(C#N)ccc3c1C2=O,KDGFLJKFZUIJMX-UHFFFAOYSA-N,KDGFLJKFZUIJMX,1,less,BRD-K11267252,"['LJP009_HA1E_24H:I19', 'REP.A005_HA1E_24H:P07']",inchikey
TIAGABINE HYDROCHLORIDE,Cc1ccsc1C(=CCCN1CCC[C@@H](C(=O)O)C1)c1sccc1C,PBJUNZJWGZTSKL-MRXNPFEDSA-N,PBJUNZJWGZTSKL,1,less,BRD-K60160658,['REP.A015_HA1E_24H:N13'],inchikey
NEBIVOLOL HYDROCHLORIDE,OC(CNCC(O)C1CCc2cc(F)ccc2O1)C1CCc2cc(F)ccc2O1,KOHIRBRYDXPAMZ-UHFFFAOYSA-N,KOHIRBRYDXPAMZ,1,less,BRD-K04956647,['REP.A011_HA1E_24H:D13'],inchikey
MECLIZINE HYDROCHLORIDE,Cc1cccc(CN2CCN(C(c3ccccc3)c3ccc(Cl)cc3)CC2)c1,OCJYIGYOJCODJL-UHFFFAOYSA-N,OCJYIGYOJCODJL,0,no,BRD-A50311610,['REP.A017_HA1E_24H:E01'],inchikey
TRANYLCYPROMINE SULFATE,N[C@@H]1C[C@H]1c1ccccc1,AELCINSCMGFISI-DTWKUNHWSA-N,AELCINSCMGFISI,1,less,BRD-K47029922,['LJP008_HA1E_24H:N07'],inchikey
TIROFIBAN HYDROCHLORIDE,CCCCS(=O)(=O)N[C@@H](Cc1ccc(OCCCCC2CCNCC2)cc1)C(=O)O,COKMIXFXJJXBQG-NRFANRHFSA-N,COKMIXFXJJXBQG,1,less,BRD-K37872686,['REP.A013_HA1E_24H:C07'],inchikey
ponatinib hydrochloride,Cc1ccc(C(=O)Nc2ccc(CN3CCN(C)CC3)c(C(F)(F)F)c2)cc1C#Cc1cnc2cccnn12,PHXJVRSECIGDHY-UHFFFAOYSA-N,PHXJVRSECIGDHY,1,most,BRD-K44227013,['LJP009_HA1E_24H:E19'],inchikey
MIDODRINE HYDROCHLORIDE,COc1ccc(OC)c(C(O)CNC(=O)CN)c1,PTKSEFOSCHHMPD-UHFFFAOYSA-N,PTKSEFOSCHHMPD,1,most,BRD-A79981887,['REP.A025_HA1E_24H:O07'],inchikey
DILTIAZEM HYDROCHLORIDE,COc1ccc([C@@H]2Sc3ccccc3N(CCN(C)C)C(=O)[C@@H]2OC(C)=O)cc1,HSUGRBWQSSZJOP-RTWAWAEBSA-N,HSUGRBWQSSZJOP,1,most,BRD-A69636825,['REP.A022_HA1E_24H:F13'],inchikey
tivozanib hydrochloride,COc1cc2nccc(Oc3ccc(NC(=O)Nc4cc(C)on4)c(Cl)c3)c2cc1OC,SPMVMDHWKHCIDT-UHFFFAOYSA-N,SPMVMDHWKHCIDT,1,most,BRD-K53414658,"['LJP007_HA1E_24H:C01', 'REP.A016_HA1E_24H:H07']",inchikey
Tepotinib Hydrochloride,CN1CCC(COc2cnc(-c3cccc(Cn4nc(-c5cccc(C#N)c5)ccc4=O)c3)nc2)CC1,AHYMHWXQRWRBKT-UHFFFAOYSA-N,AHYMHWXQRWRBKT,0,no,BRD-K97963946,['REP.A027_HA1E_24H:P07'],inchikey
VERAPAMIL HYDROCHLORIDE,COc1ccc(CCN(C)CCCC(C#N)(c2ccc(OC)c(OC)c2)C(C)C)cc1OC,SGTNSNPWRIOYBX-UHFFFAOYSA-N,SGTNSNPWRIOYBX,1,most,BRD-A09533288,['REP.A005_HA1E_24H:J01'],inchikey
PENTAMIDINE ISETHIONATE,N=C(N)c1ccc(OCCCCCOc2ccc(C(=N)N)cc2)cc1,XDRYMKDFEDOLFX-UHFFFAOYSA-N,XDRYMKDFEDOLFX,1,less,BRD-K13183738,['REP.A010_HA1E_24H:G07'],inchikey
BUSPIRONE HYDROCHLORIDE,O=C1CC2(CCCC2)CC(=O)N1CCCCN1CCN(c2ncccn2)CC1,QWCRAEMEVRGPNT-UHFFFAOYSA-N,QWCRAEMEVRGPNT,1,less,BRD-K93461745,['REP.A027_HA1E_24H:L01'],inchikey
CLONIDINE HYDROCHLORIDE,Clc1cccc(Cl)c1NC1=NCCN1,GJSURZIOUXUGAL-UHFFFAOYSA-N,GJSURZIOUXUGAL,1,less,BRD-K98530306,['REP.A025_HA1E_24H:B19'],inchikey
IMIPRAMINE HYDROCHLORIDE,CN(C)CCCN1c2ccccc2CCc2ccccc21,BCGWQEUPMDMJNV-UHFFFAOYSA-N,BCGWQEUPMDMJNV,1,less,BRD-K38436528,['REP.A013_HA1E_24H:E01'],inchikey
BENAZEPRIL HYDROCHLORIDE,CCOC(=O)[C@H](CCc1ccccc1)N[C@H]1CCc2ccccc2N(CC(=O)O)C1=O,XPCFTKFZXHTYIP-PMACEKPBSA-N,XPCFTKFZXHTYIP,1,less,BRD-K49807096,['REP.A019_HA1E_24H:M13'],inchikey
LOFEXIDINE HYDROCHLORIDE,CC(Oc1c(Cl)cccc1Cl)C1=NCCN1,KSMAGQUYOIHWFS-UHFFFAOYSA-N,KSMAGQUYOIHWFS,1,most,BRD-A02990301,['REP.A012_HA1E_24H:M07'],inchikey
VILAZODONE HYDROCHLORIDE,N#Cc1ccc2[nH]cc(CCCCN3CCN(c4ccc5oc(C(N)=O)cc5c4)CC3)c2c1,SGEGOXDYSFKCPT-UHFFFAOYSA-N,SGEGOXDYSFKCPT,1,less,BRD-K58010567,['REP.A015_HA1E_24H:H13'],inchikey
ROPINIROLE HYDROCHLORIDE,CCCN(CCC)CCc1cccc2c1CC(=O)N2,UHSKFQJFRQCDBE-UHFFFAOYSA-N,UHSKFQJFRQCDBE,1,most,BRD-K15933101,['REP.A002_HA1E_24H:C01'],inchikey
FLUOXETINE HYDROCHLORIDE,CNCCC(Oc1ccc(C(F)(F)F)cc1)c1ccccc1,RTHCYVBBDHJXIQ-UHFFFAOYSA-N,RTHCYVBBDHJXIQ,1,most,BRD-A31159102,['REP.A003_HA1E_24H:A13'],inchikey
MEFLOQUINE HYDROCHLORIDE,OC(c1cc(C(F)(F)F)nc2c(C(F)(F)F)cccc12)C1CCCCN1,XEEQGYMUWCZPDN-UHFFFAOYSA-N,XEEQGYMUWCZPDN,1,most,BRD-A89585551,['REP.A008_HA1E_24H:P13'],inchikey
DULOXETINE HYDROCHLORIDE,CNCC[C@H](Oc1cccc2ccccc12)c1cccs1,ZEUITGRIYCTCEM-KRWDZBQOSA-N,ZEUITGRIYCTCEM,1,less,BRD-K71103788,['REP.A023_HA1E_24H:L13'],inchikey
ACEBUTOLOL HYDROCHLORIDE,CCCC(=O)Nc1ccc(OCC(O)CNC(C)C)c(C(C)=O)c1,GOEMGAFJFRBGGG-UHFFFAOYSA-N,GOEMGAFJFRBGGG,1,less,BRD-A29260609,['REP.A001_HA1E_24H:L07'],inchikey
SELEGILINE HYDROCHLORIDE,C#CCN(C)[C@H](C)Cc1ccccc1,MEZLKOACVSPNER-GFCCVEGCSA-N,MEZLKOACVSPNER,1,less,BRD-A28545468,['REP.A001_HA1E_24H:I07'],inchikey
CETIRIZINE HYDROCHLORIDE,O=C(O)COCCN1CCN(C(c2ccccc2)c2ccc(Cl)cc2)CC1,ZKLPARSLTMPFCP-UHFFFAOYSA-N,ZKLPARSLTMPFCP,1,less,BRD-K27184429,['REP.A004_HA1E_24H:O19'],inchikey
CEVIMELINE HYDROCHLORIDE,CC1OC2(CS1)CN1CCC2CC1,WUTYZMFRCNBCHQ-UHFFFAOYSA-N,WUTYZMFRCNBCHQ,1,less,BRD-M98279124,['REP.A008_HA1E_24H:L13'],name_stripped
conivaptan hydrochloride,Cc1nc2c([nH]1)-c1ccccc1N(C(=O)c1ccc(NC(=O)c3ccccc3-c3ccccc3)cc1)CC2,IKENVDNFQMCRTR-UHFFFAOYSA-N,IKENVDNFQMCRTR,1,less,BRD-K37385792,['REP.A013_HA1E_24H:A13'],inchikey
EPIRUBICIN HYDROCHLORIDE,COc1cccc2c1C(=O)c1c(O)c3c(c(O)c1C2=O)C[C@@](O)(C(=O)CO)C[C@@H]3O[C@H]1C[C@H](N)[C@@H](O)[C@H](C)O1,AOJJSUZBOXZQNB-VTZDEGQISA-N,AOJJSUZBOXZQNB,1,most,BRD-K56844688,['REP.A015_HA1E_24H:E07'],inchikey
LURASIDONE HYDROCHLORIDE,O=C1[C@@H]2[C@H]3CC[C@H](C3)[C@@H]2C(=O)N1C[C@@H]1CCCC[C@H]1CN1CCN(c2nsc3ccccc23)CC1,PQXKDMSYBGKCJA-CVTJIBDQSA-N,PQXKDMSYBGKCJA,1,less,BRD-K51143828,['REP.A016_HA1E_24H:A13'],inchikey
SERTRALINE HYDROCHLORIDE,CN[C@H]1CC[C@@H](c2ccc(Cl)c(Cl)c2)c2ccccc21,VGKDLMBJGBXTGI-SJCJKPOMSA-N,VGKDLMBJGBXTGI,1,most,BRD-K70464547,['REP.A023_HA1E_24H:I01'],inchikey
Nalbuphine Hydrochloride,Oc1ccc2c3c1O[C@H]1[C@@H](O)CC[C@@]4(O)[C@@H](C2)N(CC2CCC2)CC[C@]314,NETZHAKZCGBWSS-CEDHKZHLSA-N,NETZHAKZCGBWSS,1,less,BRD-K66404838,['REP.A018_HA1E_24H:N01'],inchikey
IRINOTECAN HYDROCHLORIDE,CCc1c2c(nc3ccc(OC(=O)N4CCC(N5CCCCC5)CC4)cc13)-c1cc3c(c(=O)n1C2)COC(=O)[C@]3(O)CC,UWKQSNNFCGGAFS-XIFFEERXSA-N,UWKQSNNFCGGAFS,1,less,BRD-K08547377,['REP.A005_HA1E_24H:C13'],inchikey
AMIODARONE HYDROCHLORIDE,CCCCc1oc2ccccc2c1C(=O)c1cc(I)c(OCCN(CC)CC)c(I)c1,IYIKLHRQXLHMJQ-UHFFFAOYSA-N,IYIKLHRQXLHMJQ,1,less,BRD-K17561142,['REP.A002_HA1E_24H:K13'],inchikey
IVABRADINE HYDROCHLORIDE,COc1cc2c(cc1OC)CC(=O)N(CCCN(C)C[C@H]1Cc3cc(OC)c(OC)cc31)CC2,ACRHBAYQBXXRTO-OAQYLSRUSA-N,ACRHBAYQBXXRTO,1,most,BRD-K31385749,['REP.A003_HA1E_24H:B19'],inchikey
FINGOLIMOD HYDROCHLORIDE,CCCCCCCCc1ccc(CCC(N)(CO)CO)cc1,KKGQTZUTZRNORY-UHFFFAOYSA-N,KKGQTZUTZRNORY,1,most,BRD-K88025533,['REP.A008_HA1E_24H:N07'],inchikey
LOPERAMIDE HYDROCHLORIDE,CN(C)C(=O)C(CCN1CCC(O)(c2ccc(Cl)cc2)CC1)(c1ccccc1)c1ccccc1,RDOIQAHITMMDAJ-UHFFFAOYSA-N,RDOIQAHITMMDAJ,1,most,BRD-K61250553,['REP.A015_HA1E_24H:O13'],inchikey
METHYLNALTREXONE BROMIDE,C[N+]1(CC2CC2)CC[C@]23c4c5ccc(O)c4O[C@H]2C(=O)CC[C@@]3(O)[C@H]1C5,JVLBPIPGETUEET-GAAHOAFPSA-O,JVLBPIPGETUEET,1,less,BRD-K33732501,['REP.A003_HA1E_24H:J01'],inchikey
NEFAZODONE HYDROCHLORIDE,CCc1nn(CCCN2CCN(c3cccc(Cl)c3)CC2)c(=O)n1CCOc1ccccc1,VRBKIVRKKCLPHA-UHFFFAOYSA-N,VRBKIVRKKCLPHA,1,less,BRD-K90789829,['REP.A008_HA1E_24H:P19'],inchikey
ATOMOXETINE HYDROCHLORIDE,CNCC[C@@H](Oc1ccccc1C)c1ccccc1,VHGCDTVCOLNTBX-QGZVFWFLSA-N,VHGCDTVCOLNTBX,1,most,BRD-K20141153,['REP.A004_HA1E_24H:E07'],inchikey
RIMANTADINE HYDROCHLORIDE,CC(N)C12CC3CC(CC(C3)C1)C2,UBCHPRBFMUDMNC-UHFFFAOYSA-N,UBCHPRBFMUDMNC,1,less,BRD-A75479906,['REP.A025_HA1E_24H:I13'],inchikey
NICARDIPINE HYDROCHLORIDE,COC(=O)C1=C(C)NC(C)=C(C(=O)OCCN(C)Cc2ccccc2)C1c1cccc([N+](=O)[O-])c1,ZBBHBTPTTSWHBA-UHFFFAOYSA-N,ZBBHBTPTTSWHBA,1,most,BRD-A26711594,['REP.A001_HA1E_24H:E19'],inchikey
DAPAGLIFLOZIN PROPANEDIOL,CCOc1ccc(Cc2cc([C@@H]3O[C@H](CO)[C@@H](O)[C@H](O)[C@H]3O)ccc2Cl)cc1,JVHXJTBJCFBINQ-ADAARDCZSA-N,JVHXJTBJCFBINQ,0,no,BRD-K46604138,['REP.A019_HA1E_24H:F13'],inchikey
PROPRANOLOL HYDROCHLORIDE,CC(C)NCC(O)COc1cccc2ccccc12,AQHHHDLHHXJYJD-UHFFFAOYSA-N,AQHHHDLHHXJYJD,1,most,BRD-A10070317,['REP.A005_HA1E_24H:L01'],inchikey
TICLOPIDINE HYDROCHLORIDE,Clc1ccccc1CN1CCc2sccc2C1,PHWBOXQYWZNQIN-UHFFFAOYSA-N,PHWBOXQYWZNQIN,0,no,BRD-K00603606,['REP.A012_HA1E_24H:D07'],inchikey
saxagliptin hydrochloride,N#C[C@@H]1C[C@@H]2C[C@@H]2N1C(=O)[C@@H](N)C12CC3CC(CC(O)(C3)C1)C2,QGJUIPDUBHWZPV-SGTAVMJGSA-N,QGJUIPDUBHWZPV,1,most,BRD-A82156122,['REP.A022_HA1E_24H:P13'],inchikey
apomorphine hydrochloride,CN1CCc2cccc3c2[C@H]1Cc1ccc(O)c(O)c1-3,VMWNQDUVQKEIOC-CYBMUJFWSA-N,VMWNQDUVQKEIOC,1,most,BRD-K76022557,['REP.A024_HA1E_24H:H13'],inchikey
Granisetron Hydrochloride,CN1C2CCCC1CC(NC(=O)c1nn(C)c3ccccc13)C2,MFWNKCLOYSRHCJ-UHFFFAOYSA-N,MFWNKCLOYSRHCJ,1,most,BRD-A10967948,['REP.A005_HA1E_24H:M07'],inchikey
NEOSTIGMINE METHYLSULFATE,CN(C)C(=O)Oc1cccc([N+](C)(C)C)c1,ALWKGYPQUAPLQC-UHFFFAOYSA-N,ALWKGYPQUAPLQC,1,less,BRD-K18922609,['REP.A006_HA1E_24H:A13'],inchikey
rilpivirine hydrochloride,Cc1cc(/C=C/C#N)cc(C)c1Nc1ccnc(Nc2ccc(C#N)cc2)n1,YIBOMRUWOWDFLG-ONEGZZNKSA-N,YIBOMRUWOWDFLG,0,no,BRD-K06240250,['REP.A011_HA1E_24H:H19'],inchikey
CLINDAMYCIN HYDROCHLORIDE,CCC[C@@H]1C[C@@H](C(=O)N[C@@H]([C@H]2O[C@H](SC)[C@H](O)[C@@H](O)[C@H]2O)[C@H](C)Cl)N(C)C1,KDLRVYVGXIQJDK-AWPVFWJPSA-N,KDLRVYVGXIQJDK,0,no,BRD-A52252998,['REP.A016_HA1E_24H:F01'],inchikey
OMACETAXINE MEPESUCCINATE,COC(=O)C[C@](O)(CCCC(C)(C)O)C(=O)O[C@@H]1C(OC)=C[C@]23CCCN2CCc2cc4c(cc2[C@H]13)OCO4,HYFHYPWGAURHIV-JFIAXGOJSA-N,HYFHYPWGAURHIV,1,less,BRD-K76674262,['REP.A025_HA1E_24H:L07'],inchikey
PROCAINAMIDE HYDROCHLORIDE,CCN(CC)CCNC(=O)c1ccc(N)cc1,REQCZEXYDRLIBE-UHFFFAOYSA-N,REQCZEXYDRLIBE,1,most,BRD-K75089421,['REP.A024_HA1E_24H:F13'],inchikey
BENDAMUSTINE HYDROCHLORIDE,Cn1c(CCCC(=O)O)nc2cc(N(CCCl)CCCl)ccc21,YTKUWDBFDASYHO-UHFFFAOYSA-N,YTKUWDBFDASYHO,1,less,BRD-K17068645,['REP.A002_HA1E_24H:J01'],inchikey
MECAMYLAMINE HYDROCHLORIDE,CNC1(C)C2CCC(C2)C1(C)C,IMYZQPCYWPFTAG-UHFFFAOYSA-N,IMYZQPCYWPFTAG,1,less,BRD-A20119038,['REP.A004_HA1E_24H:E01'],inchikey
THIORIDAZINE HYDROCHLORIDE,CSc1ccc2c(c1)N(CCC1CCCCN1C)c1ccccc1S2,KLBQZWRITKRQQV-UHFFFAOYSA-N,KLBQZWRITKRQQV,1,most,BRD-A84481105,['REP.A020_HA1E_24H:H01'],inchikey
MOXIFLOXACIN HYDROCHLORIDE,COc1c(N2C[C@@H]3CCCN[C@@H]3C2)c(F)cc2c(=O)c(C(=O)O)cn(C3CC3)c12,FABPRXSRWADJSP-MEDUHNTESA-N,FABPRXSRWADJSP,1,most,BRD-K66615216,['REP.A018_HA1E_24H:N13'],inchikey
MITOXANTRONE HYDROCHLORIDE,O=C1c2c(O)ccc(O)c2C(=O)c2c(NCCNCCO)ccc(NCCNCCO)c21,KKZJGLLVHKMTCM-UHFFFAOYSA-N,KKZJGLLVHKMTCM,1,most,BRD-K21680192,"['LJP005_HA1E_24H:C19', 'LJP006_HA1E_24H:C19', 'LJP007_HA1E_24H:B04', 'LJP008_HA1E_24H:B04', 'LJP009_HA1E_24H:B04', 'REP.A006_HA1E_24H:I13']",inchikey
DAUNORUBICIN HYDROCHLORIDE,COc1cccc2c1C(=O)c1c(O)c3c(c(O)c1C2=O)C[C@@](O)(C(C)=O)C[C@@H]3O[C@H]1C[C@H](N)[C@H](O)[C@H](C)O1,STQGQHZAVUOBTE-VGBVRHCVSA-N,STQGQHZAVUOBTE,1,most,BRD-A68009927,['REP.A008_HA1E_24H:A07'],inchikey
CLOMIPRAMINE HYDROCHLORIDE,CN(C)CCCN1c2ccccc2CCc2ccc(Cl)cc21,GDLIGKIOYRNHDA-UHFFFAOYSA-N,GDLIGKIOYRNHDA,1,less,BRD-K52989797,['REP.A007_HA1E_24H:I19'],inchikey
FEXOFENADINE HYDROCHLORIDE,CC(C)(C(=O)O)c1ccc(C(O)CCCN2CCC(C(O)(c3ccccc3)c3ccccc3)CC2)cc1,RWTNPBWLLIMQHL-UHFFFAOYSA-N,RWTNPBWLLIMQHL,0,no,BRD-A73368467,['REP.A022_HA1E_24H:L07'],inchikey
CIPROFLOXACIN HYDROCHLORIDE,O=C(O)c1cn(C2CC2)c2cc(N3CCNCC3)c(F)cc2c1=O,MYSWGUAQZAJSOK-UHFFFAOYSA-N,MYSWGUAQZAJSOK,1,most,BRD-K04804440,['REP.A011_HA1E_24H:C13'],inchikey
AMITRIPTYLINE HYDROCHLORIDE,CN(C)CCC=C1c2ccccc2CCc2ccccc21,KRMDCWKBEZIMAB-UHFFFAOYSA-N,KRMDCWKBEZIMAB,1,most,BRD-K53737926,['REP.A007_HA1E_24H:L01'],inchikey
NORTRIPTYLINE HYDROCHLORIDE,CNCCC=C1c2ccccc2CCc2ccccc21,PHVGLTMQBUFIQQ-UHFFFAOYSA-N,PHVGLTMQBUFIQQ,1,most,BRD-K91263825,['REP.A026_HA1E_24H:J07'],inchikey
PRAMIPEXOLE DIHYDROCHLORIDE,CCCN[C@H]1CCc2nc(N)sc2C1,FASDKYOPVNHBLU-ZETCQYMHSA-N,FASDKYOPVNHBLU,1,less,BRD-K06388322,['REP.A011_HA1E_24H:I07'],inchikey
PROTRIPTYLINE HYDROCHLORIDE,CNCCCC1c2ccccc2C=Cc2ccccc21,BWPIARFWQZKAIA-UHFFFAOYSA-N,BWPIARFWQZKAIA,1,less,BRD-K42098891,['REP.A013_HA1E_24H:L01'],inchikey
Erythromycin Ethylsuccinate,CCOC(=O)CCC(=O)O[C@H]1[C@H](O[C@@H]2[C@@H](C)[C@H](O[C@H]3C[C@@](C)(OC)[C@@H](O)[C@H](C)O3)[C@@H](C)C(=O)O[C@H](CC)[C@@](C)(O)[C@H](O)[C@@H](C)C(=O)[C@H](C)C[C@@]2(C)O)O[C@H](C)C[C@@H]1N(C)C,NSYZCCDSJNWWJL-YXOIYICCSA-N,NSYZCCDSJNWWJL,1,most,BRD-K51677086,['REP.A016_HA1E_24H:C07'],inchikey
DIETHYLPROPION HYDROCHLORIDE,CCN(CC)C(C)C(=O)c1ccccc1,XXEPPPIWZFICOJ-UHFFFAOYSA-N,XXEPPPIWZFICOJ,1,most,BRD-A37288617,['REP.A007_HA1E_24H:F01'],inchikey
CHLORPROMAZINE HYDROCHLORIDE,CN(C)CCCN1c2ccccc2Sc2ccc(Cl)cc21,ZPEIMTDSQAKGNT-UHFFFAOYSA-N,ZPEIMTDSQAKGNT,1,less,BRD-K89997465,['REP.A026_HA1E_24H:G07'],inchikey
DEXMEDETOMIDINE HYDROCHLORIDE,Cc1cccc([C@H](C)c2c[nH]cn2)c1C,CUHVIMMYOGQXCV-NSHDSACASA-N,CUHVIMMYOGQXCV,1,most,BRD-A21607826,['REP.A006_HA1E_24H:I07'],inchikey
ESTRAMUSTINE PHOSPHATE SODIUM,C[C@]12CC[C@@H]3c4ccc(OC(=O)N(CCCl)CCCl)cc4CC[C@H]3[C@@H]1CC[C@@H]2OP(=O)([O-])[O-],ADFOJJHRTBFFOF-RBRWEJTLSA-L,ADFOJJHRTBFFOF,1,most,BRD-K00077635,['REP.A012_HA1E_24H:A07'],inchikey
TRAMETINIB DIMETHYL SULFOXIDE,CC(=O)Nc1cccc(-n2c(=O)n(C3CC3)c(=O)c3c(Nc4ccc(I)cc4F)n(C)c(=O)c(C)c32)c1,LIRYPHYGHXZJBZ-UHFFFAOYSA-N,LIRYPHYGHXZJBZ,1,most,BRD-K12343256,['LJP005_HA1E_24H:P19'],inchikey
TRIFLUOPERAZINE HYDROCHLORIDE,CN1CCN(CCCN2c3ccccc3Sc3ccc(C(F)(F)F)cc32)CC1,ZEWQUBUPAILYHI-UHFFFAOYSA-N,ZEWQUBUPAILYHI,1,less,BRD-K89732114,['REP.A007_HA1E_24H:M07'],inchikey
DABIGATRAN ETEXILATE MESYLATE,CCCCCCOC(=O)NC(=N)c1ccc(NCc2nc3cc(C(=O)N(CCC(=O)OCC)c4ccccn4)ccc3n2C)cc1,KSGXQBZTULBEEQ-UHFFFAOYSA-N,KSGXQBZTULBEEQ,1,most,BRD-K57041787,['REP.A015_HA1E_24H:F13'],inchikey
CYCLOBENZAPRINE HYDROCHLORIDE,CN(C)CCC=C1c2ccccc2C=Cc2ccccc21,JURKNVYFZMSNLP-UHFFFAOYSA-N,JURKNVYFZMSNLP,1,less,BRD-K42348709,['REP.A013_HA1E_24H:L07'],inchikey
Trimethobenzamide Hydrochloride,COc1cc(C(=O)NCc2ccc(OCCN(C)C)cc2)cc(OC)c1OC,FEZBIKUBAYAZIU-UHFFFAOYSA-N,FEZBIKUBAYAZIU,0,no,BRD-K34415467,['REP.A008_HA1E_24H:D19'],inchikey
LORCASERIN HYDROCHLORIDE ANHYDROUS,C[C@H]1CNCCc2ccc(Cl)cc21,XTTZERNUQAFMOF-QMMMGPOBSA-N,XTTZERNUQAFMOF,1,most,BRD-K55013654,['REP.A016_HA1E_24H:K13'],inchikey
ANAGRELIDE HYDROCHLORIDE ANHYDROUS,O=C1CN2Cc3c(ccc(Cl)c3Cl)N=C2N1,OTBXOEAOVRKTNQ-UHFFFAOYSA-N,OTBXOEAOVRKTNQ,1,most,BRD-K62200014,['REP.A018_HA1E_24H:B13'],inchikey
MILNACIPRAN HYDROCHLORIDE; milnacipran hydrochloride,CCN(CC)C(=O)C1(c2ccccc2)CC1CN,GJJFMKBJSRMPLA-UHFFFAOYSA-N,GJJFMKBJSRMPLA,1,less,BRD-A15202882,['REP.A010_HA1E_24H:O07'],inchikey
